-- MySQL dump 10.13  Distrib 8.0.36, for Win64 (x86_64)
--
-- Host: localhost    Database: job_portal
-- ------------------------------------------------------
-- Server version	8.0.36

/*!40101 SET @OLD_CHARACTER_SET_CLIENT=@@CHARACTER_SET_CLIENT */;
/*!40101 SET @OLD_CHARACTER_SET_RESULTS=@@CHARACTER_SET_RESULTS */;
/*!40101 SET @OLD_COLLATION_CONNECTION=@@COLLATION_CONNECTION */;
/*!50503 SET NAMES utf8 */;
/*!40103 SET @OLD_TIME_ZONE=@@TIME_ZONE */;
/*!40103 SET TIME_ZONE='+00:00' */;
/*!40014 SET @OLD_UNIQUE_CHECKS=@@UNIQUE_CHECKS, UNIQUE_CHECKS=0 */;
/*!40014 SET @OLD_FOREIGN_KEY_CHECKS=@@FOREIGN_KEY_CHECKS, FOREIGN_KEY_CHECKS=0 */;
/*!40101 SET @OLD_SQL_MODE=@@SQL_MODE, SQL_MODE='NO_AUTO_VALUE_ON_ZERO' */;
/*!40111 SET @OLD_SQL_NOTES=@@SQL_NOTES, SQL_NOTES=0 */;

--
-- Table structure for table `admindata`
--

DROP TABLE IF EXISTS `admindata`;
/*!40101 SET @saved_cs_client     = @@character_set_client */;
/*!50503 SET character_set_client = utf8mb4 */;
CREATE TABLE `admindata` (
  `id` int NOT NULL AUTO_INCREMENT,
  `fname` varchar(100) DEFAULT NULL,
  `lname` varchar(100) DEFAULT NULL,
  `username` varchar(100) DEFAULT NULL,
  `emailid` varchar(100) DEFAULT NULL,
  PRIMARY KEY (`id`)
) ENGINE=InnoDB AUTO_INCREMENT=6 DEFAULT CHARSET=utf8mb4 COLLATE=utf8mb4_0900_ai_ci;
/*!40101 SET character_set_client = @saved_cs_client */;

--
-- Dumping data for table `admindata`
--

LOCK TABLES `admindata` WRITE;
/*!40000 ALTER TABLE `admindata` DISABLE KEYS */;
INSERT INTO `admindata` VALUES (2,'Priya','Patel','priyapatel','priya.patel@example.com'),(3,'Rajesh','Kumar','rajeshkumar','rajesh.kumar@example.com'),(4,'Anjali','Reddy','anjali_reddy','anjali.reddy@example.com'),(5,'Sandeep','Singh','sandeepsingh','sandeep.singh@example.com');
/*!40000 ALTER TABLE `admindata` ENABLE KEYS */;
UNLOCK TABLES;

--
-- Table structure for table `applicant_credentials`
--

DROP TABLE IF EXISTS `applicant_credentials`;
/*!40101 SET @saved_cs_client     = @@character_set_client */;
/*!50503 SET character_set_client = utf8mb4 */;
CREATE TABLE `applicant_credentials` (
  `applicant_id` int NOT NULL AUTO_INCREMENT,
  `username` varchar(255) DEFAULT NULL,
  `emailID` varchar(255) DEFAULT NULL,
  `password` varchar(255) DEFAULT NULL,
  `isActive` tinyint(1) DEFAULT '1',
  PRIMARY KEY (`applicant_id`)
) ENGINE=InnoDB AUTO_INCREMENT=94 DEFAULT CHARSET=utf8mb4 COLLATE=utf8mb4_0900_ai_ci;
/*!40101 SET character_set_client = @saved_cs_client */;

--
-- Dumping data for table `applicant_credentials`
--

LOCK TABLES `applicant_credentials` WRITE;
/*!40000 ALTER TABLE `applicant_credentials` DISABLE KEYS */;
INSERT INTO `applicant_credentials` VALUES (1,'aarav_agarwal','srivaths.iyer@gmail.com','ce501346e28a66c46cc44739b0195784',1),(2,'bhavya_bansal','bhavya.bansal@gmail.com','5f2c6bdfc8a5ee19859baa3e09ffbb07',1),(3,'chirag_chopra','chirag.chopra@gmail.com','b941a0def6cea9d666f3396fcd23c3d4',1),(4,'diya_dewan','diya.dewan@gmail.com','54d61ccca34a017965d74ee6a6e6d229',1),(5,'eshan_emani','eshan.emani@gmail.com','dc5f17a8aad425de8e2ae7cb99e64bbe',1),(7,'gaurav_gandhi','gaurav.gandhi@gmail.com','7cb77f012304e5923e834d7c96b9a7fd',1),(8,'hina_harish','hina.harish@gmail.com','8c3d8ffb41ee0d12896f017eb34ffc1a',1),(9,'ishaan_iyer','ishaan.iyer@gmail.com','c8932119addc046406f7a63043cf607e',1),(10,'jaya_jain','jaya.jain@gmail.com','958d458960625851f4ded7f5eada432f',1),(11,'karan_kapoor','karan.kapoor@gmail.com','5f57d91576d6fe7760825a7db4c438b6',1),(12,'lavanya_lal','lavanya.lal@gmail.com','1fd8c69dcd39145d681293f0a16b51a0',1),(13,'mohan_mehta','mohan.mehta@gmail.com','3433959d7af232feb822318b4e4d546d',1),(14,'nisha_narang','nisha.narang@gmail.com','8902614b1a4eb62837d64598fb3b1fd9',1),(15,'om_ojha','om.ojha@gmail.com','3acc2bf497e07a954cd8bc0ae7917c50',1),(16,'pooja_puri','pooja.puri@gmail.com','afae941892024f222047ded65b1cd2c9',1),(17,'quinn_qureshi','quinn.qureshi@gmail.com','b4c21c8c5fdd3359090a7b0bc5ff1be7',1),(18,'ritika_rathore','ritika.rathore@gmail.com','8536f696e9d0150587f0e35446fe4d51',1),(19,'siddharth_sharma','siddharth.sharma@gmail.com','101975ba9bdeb7aa9f61eaae78b5ce4b',1),(20,'tanvi_talwar','tanvi.talwar@gmail.com','1d1850af255b7e1418395f2c851a7a71',1),(21,'uday_uppal','uday.uppal@gmail.com','59ad5496229603d9a1eb3aba486ae65f',1),(22,'varun_verma','varun.verma@gmail.com','ee4ca37f46a565991f7b74e6cc22f460',1),(23,'yash_yadav','yash.yadav@gmail.com','77c6b96cd4bec637882ee8ad9e40048c',1),(24,'zara_zaveri','zara.zaveri@gmail.com','b2ab6f8f9cb781509af21d8d68369951',1),(25,'arjun_anand','arjun.anand@gmail.com','54a57bac382a6e0873d514b51175d3c1',1),(26,'bala_bhatt','bala.bhatt@gmail.com','4cb727c3fccdeb2afc6a23713d122531',1),(27,'chaya_chaudhary','chaya.chaudhary@gmail.com','ad732a433dc4ba69de7f8196f7dc1bc5',1),(28,'dev_dutta','dev.dutta@gmail.com','227b3293c03e2d42adf0cfd0374702d4',1),(29,'esha_eshwar','esha.eshwar@gmail.com','60d4f4fff3b0e5e4fd5789f0ab6fc7fe',1),(30,'fahim_farooqui','fahim.farooqui@gmail.com','310ca35373178946dc358a1b8739bb03',1),(31,'garima_gokhale','garima.gokhale@gmail.com','7330c93967d96a4d07b2f240d62c1841',1),(32,'himanshu_hooda','himanshu.hooda@gmail.com','fe05b6d02d7a0f47a57b07ba0a54d2e3',1),(33,'isha_iyer','isha.iyer@gmail.com','7a275c92cd000af999d0bc8551ccff96',1),(34,'jatin_joshi','jatin.joshi@gmail.com','2d9a7754cb698993dc6295a323177e9e',1),(35,'kriti_kaur','kriti.kaur@gmail.com','533eafb2fe728db6d750fa573f766d7d',1),(36,'lalit_lodha','lalit.lodha@gmail.com','bf68fef5d66293bd08685828eff22448',1),(37,'meena_mishra','meena.mishra@gmail.com','953abaac32c004226011fa5feb54d8c7',1),(38,'nakul_nagpal','nakul.nagpal@gmail.com','52b881d49f5f56f8b8e75e47ebb5ebf5',1),(39,'ojas_oberoi','ojas.oberoi@gmail.com','f3c113abf85806113e9fe2f3445e86d1',1),(40,'pranav_patel','pranav.patel@gmail.com','860605d7d574d7fed64a897a197cc997',1),(41,'rahul_reddy','rahul.reddy@gmail.com','b49e6d3ce5c529972ca68cc0955693d1',1),(42,'sneha_seth','sneha.seth@gmail.com','ed25398bf85b8b0df13ae53858ef213e',1),(43,'tushar_taneja','tushar.taneja@gmail.com','ca57a410fa351173e5346fea135eb655',1),(44,'usha_upadhyay','usha.upadhyay@gmail.com','88fdf0954979e45478bc3f8a9c6dbb17',1),(45,'vikram_vasudev','vikram.vasudev@gmail.com','a8bb7a73036113f8cd917a7a55d8b0eb',1),(46,'yamini_yadav','yamini.yadav@gmail.com','5bb90f40e95ef09711b59efa75c0db29',1),(47,'zaid_zaidi','zaid.zaidi@gmail.com','f26348a11dc59dd2a2259ad10d9a291b',1),(48,'aditi_awasthi','aditi.awasthi@gmail.com','dee873f48e23698c65338ea709d7da9e',1),(49,'bhavin_bhatt','bhavin.bhatt@gmail.com','cb9e2052797ad66e65cd63cba9a23c5a',1),(50,'chetna_chakraborty','chetna.chakraborty@gmail.com','06afef52d0ef69ca260dad2307b1e8e2',1),(62,'amkBhadra','amrik.bhadra@mitaoe.ac.in','202cb962ac59075b964b07152d234b70',1),(67,'sristudy9549','sribioaiml@gmail.com','e10adc3949ba59abbe56e057f20f883e',1),(69,'shiv51292','shiv51292@gmail.com','a7f00d25e833d7cabe1b25a804cb5a28',1),(70,'john_doe','sri@123gmail.com','202cb962ac59075b964b07152d234b70',1),(71,'sri123','sri@1234gmail.com','250cf8b51c773f3f8dc8b4be867a9a02',1),(75,'riddhi_123','ridzzz@gmail.com','b24331b1a138cde62aa1f679164fc62f',1),(76,'ri123','riddhi123@gmail.com','b24331b1a138cde62aa1f679164fc62f',1),(90,'riddhi_123','riddhidethe4@gmail.com','b24331b1a138cde62aa1f679164fc62f',1),(91,'harshada_123','thoratharshada05@gmail.com','b24331b1a138cde62aa1f679164fc62f',1),(93,'riddhi_123','riddhi@gmail.com','$2b$10$QH48TuMuqpQhzdhK/lOaQePf.s7f/5W9BfhiqvkhdXf8IaegvXu.m',1);
/*!40000 ALTER TABLE `applicant_credentials` ENABLE KEYS */;
UNLOCK TABLES;

--
-- Table structure for table `bank_details`
--

DROP TABLE IF EXISTS `bank_details`;
/*!40101 SET @saved_cs_client     = @@character_set_client */;
/*!50503 SET character_set_client = utf8mb4 */;
CREATE TABLE `bank_details` (
  `id` int NOT NULL AUTO_INCREMENT,
  `applicant_id` int DEFAULT NULL,
  `bank_name` varchar(100) DEFAULT NULL,
  `ifsc_code` varchar(20) DEFAULT NULL,
  `branch_location` varchar(100) DEFAULT NULL,
  `account_number` varchar(50) DEFAULT NULL,
  `aadhar_number` varchar(50) DEFAULT NULL,
  `gst_number` varchar(50) DEFAULT NULL,
  PRIMARY KEY (`id`),
  KEY `applicant_id` (`applicant_id`),
  CONSTRAINT `bank_details` FOREIGN KEY (`id`) REFERENCES `applicant_credentials` (`applicant_id`)
) ENGINE=InnoDB DEFAULT CHARSET=utf8mb4 COLLATE=utf8mb4_0900_ai_ci;
/*!40101 SET character_set_client = @saved_cs_client */;

--
-- Dumping data for table `bank_details`
--

LOCK TABLES `bank_details` WRITE;
/*!40000 ALTER TABLE `bank_details` DISABLE KEYS */;
/*!40000 ALTER TABLE `bank_details` ENABLE KEYS */;
UNLOCK TABLES;

--
-- Table structure for table `blogs`
--

DROP TABLE IF EXISTS `blogs`;
/*!40101 SET @saved_cs_client     = @@character_set_client */;
/*!50503 SET character_set_client = utf8mb4 */;
CREATE TABLE `blogs` (
  `id` int NOT NULL AUTO_INCREMENT,
  `title` varchar(255) NOT NULL,
  `content` text NOT NULL,
  `applicant_id` int NOT NULL,
  `created_at` timestamp NULL DEFAULT CURRENT_TIMESTAMP,
  `updated_at` timestamp NULL DEFAULT CURRENT_TIMESTAMP ON UPDATE CURRENT_TIMESTAMP,
  PRIMARY KEY (`id`),
  KEY `applicant_id` (`applicant_id`),
  CONSTRAINT `blogs_ibfk_1` FOREIGN KEY (`applicant_id`) REFERENCES `applicant_credentials` (`applicant_id`)
) ENGINE=InnoDB AUTO_INCREMENT=2 DEFAULT CHARSET=utf8mb4 COLLATE=utf8mb4_0900_ai_ci;
/*!40101 SET character_set_client = @saved_cs_client */;

--
-- Dumping data for table `blogs`
--

LOCK TABLES `blogs` WRITE;
/*!40000 ALTER TABLE `blogs` DISABLE KEYS */;
INSERT INTO `blogs` VALUES (1,'Test Blog','<h2>What is Lorem Ipsum?</h2><p class=\"ql-align-justify\"><strong>Lorem Ipsum</strong>&nbsp;is simply dummy text of the printing and typesetting industry. Lorem Ipsum has been the industry\'s standard dummy text ever since the 1500s, when an unknown printer took a galley of type and scrambled it to make a type specimen book. It has survived not only five centuries, but also the leap into electronic typesetting, remaining essentially unchanged. It was popularised in the 1960s with the release of Letraset sheets containing Lorem Ipsum passages, and more recently with desktop publishing software like Aldus PageMaker including versions of Lorem Ipsum.</p><p><br></p>',93,'2025-04-22 17:17:07','2025-04-22 17:17:07');
/*!40000 ALTER TABLE `blogs` ENABLE KEYS */;
UNLOCK TABLES;

--
-- Table structure for table `ex_applicants`
--

DROP TABLE IF EXISTS `ex_applicants`;
/*!40101 SET @saved_cs_client     = @@character_set_client */;
/*!50503 SET character_set_client = utf8mb4 */;
CREATE TABLE `ex_applicants` (
  `emailID` varchar(255) DEFAULT NULL
) ENGINE=InnoDB DEFAULT CHARSET=utf8mb4 COLLATE=utf8mb4_0900_ai_ci;
/*!40101 SET character_set_client = @saved_cs_client */;

--
-- Dumping data for table `ex_applicants`
--

LOCK TABLES `ex_applicants` WRITE;
/*!40000 ALTER TABLE `ex_applicants` DISABLE KEYS */;
INSERT INTO `ex_applicants` VALUES ('falguni.fadnavis@gmail.com'),('falguni.fadnavis@gmail.com'),('falguni.fadnavis@gmail.com'),('falguni.fadnavis@gmail.com');
/*!40000 ALTER TABLE `ex_applicants` ENABLE KEYS */;
UNLOCK TABLES;

--
-- Table structure for table `job_applicant`
--

DROP TABLE IF EXISTS `job_applicant`;
/*!40101 SET @saved_cs_client     = @@character_set_client */;
/*!50503 SET character_set_client = utf8mb4 */;
CREATE TABLE `job_applicant` (
  `applicant_id` int DEFAULT NULL,
  `first_name` varchar(100) NOT NULL,
  `last_name` varchar(100) NOT NULL,
  `age` int NOT NULL,
  `mobile_no` bigint NOT NULL,
  `email_id` varchar(100) DEFAULT NULL,
  `skills` varchar(255) DEFAULT NULL,
  `cv` varchar(100) DEFAULT NULL,
  `profile_pic_code` varchar(100) DEFAULT NULL,
  `exp_level` int DEFAULT NULL,
  `gender` varchar(10) DEFAULT NULL,
  KEY `applicant_id` (`applicant_id`),
  CONSTRAINT `job_applicant_ibfk_1` FOREIGN KEY (`applicant_id`) REFERENCES `applicant_credentials` (`applicant_id`)
) ENGINE=InnoDB DEFAULT CHARSET=utf8mb4 COLLATE=utf8mb4_0900_ai_ci;
/*!40101 SET character_set_client = @saved_cs_client */;

--
-- Dumping data for table `job_applicant`
--

LOCK TABLES `job_applicant` WRITE;
/*!40000 ALTER TABLE `job_applicant` DISABLE KEYS */;
INSERT INTO `job_applicant` VALUES (1,'Aarav','Agarwal',25,9876543210,'srivaths.iyer@gmail.com','Java, Python, SQL, Data Structures','cv_1.pdf','profilepic_1.jpg',2,'male'),(2,'Bhavya','Bansal',30,9876543211,'bhavya.bansal@gmail.com','HTML, CSS, JavaScript, React','cv_2.pdf','profilepic_2.jpg',5,'female'),(3,'Chirag','Chopra',28,9876543212,'chirag.chopra@gmail.com','Python, R, Machine Learning, Data Visualization','cv_3.pdf','profilepic_3.jpg',4,'male'),(4,'Riya','Dewan',26,9876543213,'diya.dewan@gmail.com','Node.js, Python, Git, SQL','cv_4.pdf','profilepic_4.jpg',3,'female'),(5,'Eshan','Emani',32,9876543214,'eshan.emani@gmail.com','Linux, Windows Server, Networking, Bash','cv_5.pdf','profilepic_5.jpg',6,'male'),(7,'Gaurav','Gandhi',29,9876543216,'gaurav.gandhi@gmail.com','SQL, Oracle, MySQL, Database Management','cv_7.pdf','profilepic_7.jpg',4,'male'),(8,'Hina','Harish',31,9876543217,'hina.harish@gmail.com','Ethical Hacking, Penetration Testing, Network Security, Firewalls','cv_8.pdf','profilepic_8.jpg',7,'female'),(9,'Ishaan','Iyer',33,9876543218,'ishaan.iyer@gmail.com','Docker, Kubernetes, Jenkins, CI/CD','cv_9.pdf','profilepic_9.jpg',8,'male'),(10,'Jaya','Jain',35,9876543219,'jaya.jain@gmail.com','AWS, Azure, GCP, Cloud Architecture','cv_10.pdf','profilepic_10.jpg',9,'female'),(11,'Karan','Kapoor',26,9876543220,'karan.kapoor@gmail.com','HTML, CSS, JavaScript, Angular','cv_11.pdf','profilepic_11.jpg',3,'male'),(12,'Lavanya','Lal',27,9876543221,'lavanya.lal@gmail.com','Python, R, SQL, Statistics','cv_12.pdf','profilepic_12.jpg',4,'female'),(13,'Mohan','Mehta',28,9876543222,'mohan.mehta@gmail.com','SQL, Excel, Tableau, Data Visualization','cv_13.pdf','profilepic_13.jpg',4,'male'),(14,'Nisha','Narang',29,9876543223,'nisha.narang@gmail.com','SQL, Oracle, Backup and Recovery, Performance Tuning','cv_14.pdf','profilepic_14.jpg',5,'female'),(15,'Om','Ojha',30,9876543224,'om.ojha@gmail.com','Linux, Unix, System Monitoring, Networking','cv_15.pdf','profilepic_15.jpg',5,'male'),(16,'Pooja','Puri',31,9876543225,'pooja.puri@gmail.com','Docker, Kubernetes, AWS, Scripting','cv_16.pdf','profilepic_16.jpg',6,'female'),(17,'Quinn','Qureshi',32,9876543226,'quinn.qureshi@gmail.com','TCP/IP, Networking Protocols, Cisco, Firewall Management','cv_17.pdf','profilepic_17.jpg',7,'male'),(18,'Ritika','Rathore',33,9876543227,'ritika.rathore@gmail.com','Ethical Hacking, Network Security, SIEM, Encryption','cv_18.pdf','profilepic_18.jpg',7,'female'),(19,'Siddharth','Sharma',34,9876543228,'siddharth.sharma@gmail.com','AWS, Azure, Cloud Security, Containerization','cv_19.pdf','profilepic_19.jpg',8,'male'),(20,'Tanvi','Talwar',35,9876543229,'tanvi.talwar@gmail.com','HTML, CSS, React, Angular','cv_20.pdf','profilepic_20.jpg',9,'female'),(21,'Uday','Uppal',28,9876543230,'uday.uppal@gmail.com','Python, Java, Algorithms, Data Structures','cv_21.pdf','profilepic_21.jpg',4,'male'),(22,'Varun','Verma',30,9876543231,'varun.verma@gmail.com','Node.js, Git, SQL, NoSQL','cv_22.pdf','profilepic_22.jpg',5,'male'),(23,'Yash','Yadav',32,9876543232,'yash.yadav@gmail.com','Linux, Networking, Bash, PowerShell','cv_23.pdf','profilepic_23.jpg',6,'male'),(24,'Zara','Zaveri',34,9876543233,'zara.zaveri@gmail.com','Docker, Jenkins, CI/CD, Cloud Services','cv_24.pdf','profilepic_24.jpg',7,'female'),(25,'Arjun','Anand',36,9876543234,'arjun.anand@gmail.com','AWS, Azure, Cloud Architecture, Cloud Security','cv_25.pdf','profilepic_25.jpg',9,'male'),(26,'Bala','Bhatt',27,9876543235,'bala.bhatt@gmail.com','HTML, CSS, JavaScript, React','cv_26.pdf','profilepic_26.jpg',3,'male'),(27,'Chaya','Chaudhary',28,9876543236,'chaya.chaudhary@gmail.com','Python, R, Machine Learning, Data Visualization','cv_27.pdf','profilepic_27.jpg',4,'female'),(28,'Dev','Dutta',29,9876543237,'dev.dutta@gmail.com','Node.js, Python, Git, SQL','cv_28.pdf','profilepic_28.jpg',4,'male'),(29,'Esha','Eshwar',30,9876543238,'esha.eshwar@gmail.com','Linux, Windows Server, Networking, Bash','cv_29.pdf','profilepic_29.jpg',5,'female'),(30,'Fahim','Farooqui',31,9876543239,'fahim.farooqui@gmail.com','Swift, Kotlin, React Native, Flutter','cv_30.pdf','profilepic_30.jpg',6,'male'),(31,'Garima','Gokhale',32,9876543240,'garima.gokhale@gmail.com','SQL, Oracle, MySQL, Database Management','cv_31.pdf','profilepic_31.jpg',6,'female'),(32,'Himanshu','Hooda',33,9876543241,'himanshu.hooda@gmail.com','Ethical Hacking, Penetration Testing, Network Security, Firewalls','cv_32.pdf','profilepic_32.jpg',7,'male'),(33,'Isha','Iyer',34,9876543242,'isha.iyer@gmail.com','Docker, Kubernetes, Jenkins, CI/CD','cv_33.pdf','profilepic_33.jpg',7,'female'),(34,'Jatin','Joshi',35,9876543243,'jatin.joshi@gmail.com','AWS, Azure, GCP, Cloud Architecture','cv_34.pdf','profilepic_34.jpg',8,'male'),(35,'Kriti','Kaur',28,9876543244,'kriti.kaur@gmail.com','HTML, CSS, JavaScript, Angular','cv_35.pdf','profilepic_35.jpg',4,'female'),(36,'Lalit','Lodha',29,9876543245,'lalit.lodha@gmail.com','Python, R, SQL, Statistics','cv_36.pdf','profilepic_36.jpg',4,'male'),(37,'Meena','Mishra',30,9876543246,'meena.mishra@gmail.com','SQL, Excel, Tableau, Data Visualization','cv_37.pdf','profilepic_37.jpg',5,'female'),(38,'Nakul','Nagpal',31,9876543247,'nakul.nagpal@gmail.com','SQL, Oracle, Backup and Recovery, Performance Tuning','cv_38.pdf','profilepic_38.jpg',5,'male'),(39,'Ojas','Oberoi',32,9876543248,'ojas.oberoi@gmail.com','Linux, Unix, System Monitoring, Networking','cv_39.pdf','profilepic_39.jpg',6,'male'),(40,'Pranav','Patel',33,9876543249,'pranav.patel@gmail.com','Docker, Kubernetes, AWS, Scripting','cv_40.pdf','profilepic_40.jpg',7,'male'),(41,'Rahul','Reddy',34,9876543250,'rahul.reddy@gmail.com','TCP/IP, Networking Protocols, Cisco, Firewall Management','cv_41.pdf','profilepic_41.jpg',8,'male'),(42,'Sneha','Seth',35,9876543251,'sneha.seth@gmail.com','Ethical Hacking, Network Security, SIEM, Encryption','cv_42.pdf','profilepic_42.jpg',8,'female'),(43,'Tushar','Taneja',36,9876543252,'tushar.taneja@gmail.com','AWS, Azure, Cloud Security, Containerization','cv_43.pdf','profilepic_43.jpg',9,'male'),(44,'Usha','Upadhyay',37,9876543253,'usha.upadhyay@gmail.com','HTML, CSS, React, Angular','cv_44.pdf','profilepic_44.jpg',10,'female'),(45,'Vikram','Vasudev',28,9876543254,'vikram.vasudev@gmail.com','Python, Java, Algorithms, Data Structures','cv_45.pdf','profilepic_45.jpg',4,'male'),(46,'Yamini','Yadav',29,9876543255,'yamini.yadav@gmail.com','Node.js, Git, SQL, NoSQL','cv_46.pdf','profilepic_46.jpg',4,'female'),(47,'Zaid','Zaidi',30,9876543256,'zaid.zaidi@gmail.com','Linux, Networking, Bash, PowerShell','cv_47.pdf','profilepic_47.jpg',5,'male'),(48,'Aditi','Awasthi',31,9876543257,'aditi.awasthi@gmail.com','Docker, Jenkins, CI/CD, Cloud Services','cv_48.pdf','profilepic_48.jpg',6,'female'),(49,'Bhavin','Bhatt',32,9876543258,'bhavin.bhatt@gmail.com','AWS, Azure, Cloud Architecture, Cloud Security','cv_49.pdf','profilepic_49.jpg',7,'male'),(50,'Chetna','Chakraborty',33,9876543259,'chetna.chakraborty@gmail.com','HTML, CSS, JavaScript, React','cv_50.pdf','profilepic_50.jpg',8,'female'),(75,'Riddhi','Dethe',20,9373247185,'ridzzz@gmail.com','java,sql','Resume.pdf','Photo-75.jpg',2,'Female'),(76,'Riddhi','Dethe',20,9373247185,'riddhi123@gmail.com','java,sql','Resume.pdf','Photo-76.jpg',2,'Female'),(90,'Riddhi','Dethe',20,9373247185,'riddhidethe4@gmail.com','java, python, SQL','Resume2-90.pdf','Photo-90.jpg',NULL,'Female'),(91,'Harshada','Thorat',20,8055757190,'thoratharshada05@gmail.com','cpp,python,sql','Resume.pdf','harshada-91.jpg',2,'Female');
/*!40000 ALTER TABLE `job_applicant` ENABLE KEYS */;
UNLOCK TABLES;

--
-- Table structure for table `job_applications`
--

DROP TABLE IF EXISTS `job_applications`;
/*!40101 SET @saved_cs_client     = @@character_set_client */;
/*!50503 SET character_set_client = utf8mb4 */;
CREATE TABLE `job_applications` (
  `application_id` int NOT NULL AUTO_INCREMENT,
  `applicant_id` int NOT NULL,
  `job_id` int NOT NULL,
  `application_status` varchar(50) DEFAULT 'Pending',
  `applied_date` date DEFAULT NULL,
  `isSaved` tinyint(1) DEFAULT NULL,
  `isViewed` tinyint(1) DEFAULT '1',
  PRIMARY KEY (`application_id`),
  KEY `applicant_id` (`applicant_id`),
  KEY `job_id` (`job_id`),
  CONSTRAINT `job_applications_ibfk_1` FOREIGN KEY (`applicant_id`) REFERENCES `applicant_credentials` (`applicant_id`),
  CONSTRAINT `job_applications_ibfk_2` FOREIGN KEY (`job_id`) REFERENCES `job_details` (`job_id`)
) ENGINE=InnoDB AUTO_INCREMENT=514 DEFAULT CHARSET=utf8mb4 COLLATE=utf8mb4_0900_ai_ci;
/*!40101 SET character_set_client = @saved_cs_client */;

--
-- Dumping data for table `job_applications`
--

LOCK TABLES `job_applications` WRITE;
/*!40000 ALTER TABLE `job_applications` DISABLE KEYS */;
INSERT INTO `job_applications` VALUES (1,1,3,'Pending','2024-01-01',1,1),(2,1,23,'Rejected','2024-02-15',0,0),(3,1,67,'Selected for interview','2024-03-10',0,1),(4,1,40,'Interview cleared','2024-04-05',0,1),(5,1,165,'HR round pending','2024-05-20',0,1),(6,1,183,'Hired','2024-06-12',0,1),(7,1,110,'Pending','2024-07-08',0,1),(8,1,25,'Rejected','2024-08-25',0,1),(9,1,220,'Selected for interview','2024-09-03',0,1),(10,1,176,'Interview cleared','2024-10-19',0,1),(11,2,99,'HR round pending','2024-11-14',0,1),(12,2,36,'Hired','2024-12-28',0,1),(13,2,111,'Pending','2024-01-02',0,1),(14,2,156,'Rejected','2024-02-16',0,1),(15,2,189,'Selected for interview','2024-03-11',0,1),(16,2,229,'Interview cleared','2024-04-06',0,1),(17,2,103,'HR round pending','2024-05-21',0,1),(18,2,159,'Hired','2024-06-09',0,1),(19,2,194,'Pending','2024-07-24',0,1),(20,2,200,'Rejected','2024-08-05',0,1),(21,3,15,'Pending','2024-01-10',0,1),(22,3,34,'Rejected','2024-02-12',0,1),(23,3,56,'Selected for interview','2024-03-15',0,1),(24,3,85,'Interview cleared','2024-04-20',0,1),(25,3,105,'HR round pending','2024-05-30',0,1),(26,3,133,'Hired','2024-06-25',0,1),(27,3,162,'Pending','2024-07-10',0,1),(28,3,188,'Rejected','2024-08-22',0,1),(29,3,210,'Selected for interview','2024-09-18',0,1),(30,3,229,'Interview cleared','2024-10-05',0,1),(31,4,8,'HR round pending','2024-01-15',0,1),(32,4,29,'Hired','2024-02-18',0,1),(33,4,46,'Pending','2024-03-22',0,1),(34,4,70,'Rejected','2024-04-10',0,1),(35,4,90,'Selected for interview','2024-05-15',0,1),(36,4,110,'Interview cleared','2024-06-20',0,1),(37,4,135,'HR round pending','2024-07-05',0,1),(38,4,153,'Hired','2024-08-10',0,1),(39,4,175,'Pending','2024-09-12',0,1),(40,4,196,'Rejected','2024-10-25',0,1),(41,5,21,'Rejected','2024-01-20',0,1),(42,5,43,'Selected for interview','2024-02-25',0,1),(43,5,64,'Interview cleared','2024-03-15',0,1),(44,5,88,'HR round pending','2024-04-30',0,1),(45,5,107,'Hired','2024-05-25',0,1),(46,5,129,'Pending','2024-06-15',0,1),(47,5,152,'Rejected','2024-07-12',0,1),(48,5,178,'Selected for interview','2024-08-18',0,1),(49,5,200,'Interview cleared','2024-09-25',0,1),(50,5,215,'HR round pending','2024-10-15',0,1),(61,7,14,'Pending','2024-01-30',0,1),(62,7,36,'Rejected','2024-02-20',0,1),(63,7,58,'Selected for interview','2024-03-25',0,1),(64,7,80,'Interview cleared','2024-04-15',0,1),(65,7,102,'HR round pending','2024-05-05',0,1),(66,7,125,'Hired','2024-06-12',0,1),(67,7,144,'Pending','2024-07-22',0,1),(68,7,170,'Rejected','2024-08-15',0,1),(69,7,192,'Selected for interview','2024-09-28',0,1),(70,7,215,'Interview cleared','2024-10-12',0,1),(71,8,13,'HR round pending','2024-01-18',0,1),(72,8,32,'Hired','2024-02-28',0,1),(73,8,50,'Pending','2024-03-12',0,1),(74,8,72,'Rejected','2024-04-20',0,1),(75,8,94,'Selected for interview','2024-05-15',0,1),(76,8,116,'Interview cleared','2024-06-08',0,1),(77,8,137,'HR round pending','2024-07-11',0,1),(78,8,162,'Hired','2024-08-22',0,1),(79,8,186,'Pending','2024-09-30',0,1),(80,8,210,'Rejected','2024-10-12',0,1),(81,9,7,'Pending','2024-01-05',0,1),(82,9,29,'Rejected','2024-02-20',0,1),(83,9,50,'Selected for interview','2024-03-15',0,1),(84,9,74,'Interview cleared','2024-04-18',0,1),(85,9,97,'HR round pending','2024-05-25',0,1),(86,9,123,'Hired','2024-06-10',0,1),(87,9,144,'Pending','2024-07-20',0,1),(88,9,169,'Rejected','2024-08-15',0,1),(89,9,192,'Selected for interview','2024-09-05',0,1),(90,9,216,'Interview cleared','2024-10-20',0,1),(91,10,11,'HR round pending','2024-01-12',0,1),(92,10,30,'Hired','2024-02-28',0,1),(93,10,52,'Pending','2024-03-18',0,1),(94,10,75,'Rejected','2024-04-14',0,1),(95,10,98,'Selected for interview','2024-05-10',0,1),(96,10,121,'Interview cleared','2024-06-05',0,1),(97,10,143,'HR round pending','2024-07-22',0,1),(98,10,166,'Hired','2024-08-30',0,1),(99,10,191,'Pending','2024-09-14',0,1),(100,10,211,'Rejected','2024-10-05',0,1),(101,11,12,'Selected for interview','2024-01-25',0,1),(102,11,35,'Interview cleared','2024-02-20',0,1),(103,11,58,'HR round pending','2024-03-12',0,1),(104,11,80,'Hired','2024-04-15',0,1),(105,11,105,'Pending','2024-05-25',0,1),(106,11,127,'Rejected','2024-06-18',0,1),(107,11,149,'Selected for interview','2024-07-22',0,1),(108,11,172,'Interview cleared','2024-08-20',0,1),(109,11,198,'HR round pending','2024-09-15',0,1),(110,11,220,'Hired','2024-10-12',0,1),(111,12,14,'Pending','2024-01-10',0,1),(112,12,37,'Rejected','2024-02-15',0,1),(113,12,59,'Selected for interview','2024-03-10',0,1),(114,12,83,'Interview cleared','2024-04-08',0,1),(115,12,106,'HR round pending','2024-05-12',0,1),(116,12,129,'Hired','2024-06-22',0,1),(117,12,155,'Pending','2024-07-05',0,1),(118,12,180,'Rejected','2024-08-25',0,1),(119,12,203,'Selected for interview','2024-09-15',0,1),(120,12,226,'Interview cleared','2024-10-10',0,1),(121,13,17,'Rejected','2024-01-20',0,1),(122,13,39,'HR round pending','2024-02-18',0,1),(123,13,62,'Hired','2024-03-15',0,1),(124,13,87,'Pending','2024-04-25',0,1),(125,13,110,'Interview cleared','2024-05-18',0,1),(126,13,132,'Selected for interview','2024-06-12',0,1),(127,13,158,'Rejected','2024-07-25',0,1),(128,13,181,'Hired','2024-08-18',0,1),(129,13,207,'Pending','2024-09-22',0,1),(130,13,229,'Interview cleared','2024-10-30',0,1),(132,14,29,'Interview cleared','2024-02-25',0,1),(133,14,51,'Pending','2024-03-20',0,1),(134,14,73,'Rejected','2024-04-18',0,1),(135,14,96,'HR round pending','2024-05-12',0,1),(136,14,118,'Hired','2024-06-10',0,1),(137,14,145,'Rejected','2024-07-22',0,1),(138,14,169,'Selected for interview','2024-08-15',0,1),(139,14,192,'Pending','2024-09-10',0,1),(140,14,215,'Interview cleared','2024-10-05',0,1),(141,15,18,'Pending','2024-01-22',0,1),(142,15,40,'Rejected','2024-02-20',0,1),(143,15,63,'Selected for interview','2024-03-12',0,1),(144,15,85,'Interview cleared','2024-04-28',0,1),(145,15,108,'HR round pending','2024-05-20',0,1),(146,15,130,'Hired','2024-06-15',0,1),(147,15,154,'Pending','2024-07-18',0,1),(148,15,177,'Rejected','2024-08-25',0,1),(149,15,200,'Selected for interview','2024-09-12',0,1),(150,15,223,'Interview cleared','2024-10-20',0,1),(151,16,8,'Rejected','2024-01-30',0,1),(152,16,32,'HR round pending','2024-02-25',0,1),(153,16,56,'Hired','2024-03-18',0,1),(154,16,80,'Pending','2024-04-10',0,1),(155,16,103,'Interview cleared','2024-05-28',0,1),(156,16,126,'Selected for interview','2024-06-15',0,1),(157,16,148,'Rejected','2024-07-30',0,1),(158,16,171,'Hired','2024-08-25',0,1),(159,16,192,'Pending','2024-09-18',0,1),(160,16,215,'Interview cleared','2024-10-12',0,1),(161,17,22,'Selected for interview','2024-01-12',0,1),(162,17,44,'Interview cleared','2024-02-20',0,1),(163,17,67,'Pending','2024-03-15',0,1),(164,17,90,'Rejected','2024-04-10',0,1),(165,17,113,'HR round pending','2024-05-20',0,1),(166,17,135,'Hired','2024-06-18',0,1),(167,17,159,'Pending','2024-07-12',0,1),(168,17,183,'Rejected','2024-08-30',0,1),(169,17,205,'Selected for interview','2024-09-18',0,1),(170,17,229,'Interview cleared','2024-10-15',0,1),(171,18,10,'Pending','2024-01-08',0,1),(172,18,31,'Rejected','2024-02-22',0,1),(173,18,53,'Selected for interview','2024-03-30',0,1),(174,18,76,'Interview cleared','2024-04-25',0,1),(175,18,99,'HR round pending','2024-05-15',0,1),(176,18,121,'Hired','2024-06-28',0,1),(177,18,146,'Pending','2024-07-20',0,1),(178,18,168,'Rejected','2024-08-10',0,1),(179,18,191,'Selected for interview','2024-09-12',0,1),(180,18,215,'Interview cleared','2024-10-05',0,1),(181,19,11,'Rejected','2024-01-25',0,1),(182,19,34,'HR round pending','2024-02-20',0,1),(183,19,59,'Hired','2024-03-15',0,1),(184,19,82,'Pending','2024-04-10',0,1),(185,19,104,'Interview cleared','2024-05-22',0,1),(186,19,128,'Selected for interview','2024-06-15',0,1),(187,19,151,'Rejected','2024-07-30',0,1),(188,19,175,'Hired','2024-08-18',0,1),(189,19,198,'Pending','2024-09-22',0,1),(190,19,220,'Interview cleared','2024-10-12',0,1),(191,20,15,'HR round pending','2024-01-05',0,1),(192,20,38,'Hired','2024-02-18',0,1),(193,20,62,'Pending','2024-03-12',0,1),(194,20,85,'Rejected','2024-04-20',0,1),(195,20,108,'Selected for interview','2024-05-25',0,1),(196,20,130,'Interview cleared','2024-06-15',0,1),(197,20,154,'Pending','2024-07-10',0,1),(198,20,177,'Rejected','2024-08-25',0,1),(199,20,200,'Selected for interview','2024-09-20',0,1),(200,20,223,'Interview cleared','2024-10-30',0,1),(201,21,9,'Rejected','2024-01-10',0,1),(202,21,30,'Selected for interview','2024-02-15',0,1),(203,21,53,'Interview cleared','2024-03-20',0,1),(204,21,76,'Pending','2024-04-10',0,1),(205,21,99,'Rejected','2024-05-25',0,1),(206,21,122,'HR round pending','2024-06-15',0,1),(207,21,146,'Hired','2024-07-30',0,1),(208,21,170,'Pending','2024-08-22',0,1),(209,21,194,'Selected for interview','2024-09-18',0,1),(210,21,216,'Interview cleared','2024-10-12',0,1),(211,22,12,'Pending','2024-01-25',0,1),(212,22,34,'Rejected','2024-02-20',0,1),(213,22,56,'Selected for interview','2024-03-15',0,1),(214,22,79,'Interview cleared','2024-04-25',0,1),(215,22,102,'HR round pending','2024-05-10',0,1),(216,22,126,'Hired','2024-06-18',0,1),(217,22,149,'Rejected','2024-07-25',0,1),(218,22,172,'Pending','2024-08-15',0,1),(219,22,195,'Selected for interview','2024-09-20',0,1),(220,22,220,'Interview cleared','2024-10-05',0,1),(221,23,16,'Interview cleared','2024-01-15',0,1),(222,23,38,'Pending','2024-02-22',0,1),(223,23,60,'Rejected','2024-03-12',0,1),(224,23,83,'Selected for interview','2024-04-28',0,1),(225,23,106,'HR round pending','2024-05-20',0,1),(226,23,129,'Hired','2024-06-10',0,1),(227,23,153,'Pending','2024-07-12',0,1),(228,23,177,'Rejected','2024-08-18',0,1),(229,23,199,'Selected for interview','2024-09-25',0,1),(230,23,222,'Interview cleared','2024-10-12',0,1),(231,24,20,'Selected for interview','2024-01-05',0,1),(232,24,42,'Interview cleared','2024-02-22',0,1),(233,24,65,'Pending','2024-03-18',0,1),(234,24,88,'Rejected','2024-04-15',0,1),(235,24,110,'HR round pending','2024-05-25',0,1),(236,24,134,'Hired','2024-06-12',0,1),(237,24,157,'Rejected','2024-07-30',0,1),(238,24,181,'Pending','2024-08-18',0,1),(239,24,204,'Selected for interview','2024-09-15',0,1),(240,24,226,'Interview cleared','2024-10-25',0,1),(241,25,19,'Rejected','2024-01-15',0,1),(242,25,41,'Selected for interview','2024-02-28',0,1),(243,25,63,'Interview cleared','2024-03-20',0,1),(244,25,85,'Pending','2024-04-15',0,1),(245,25,108,'Rejected','2024-05-30',0,1),(246,25,130,'HR round pending','2024-06-22',0,1),(247,25,152,'Hired','2024-07-18',0,1),(248,25,177,'Pending','2024-08-25',0,1),(249,25,200,'Rejected','2024-09-10',0,1),(250,25,220,'Selected for interview','2024-10-05',0,1),(251,26,13,'Selected for interview','2024-01-20',0,1),(252,26,36,'Interview cleared','2024-02-28',0,1),(253,26,58,'Pending','2024-03-12',0,1),(254,26,80,'Rejected','2024-04-22',0,1),(255,26,103,'HR round pending','2024-05-15',0,1),(256,26,125,'Hired','2024-06-10',0,1),(257,26,148,'Pending','2024-07-20',0,1),(258,26,172,'Rejected','2024-08-10',0,1),(259,26,195,'Selected for interview','2024-09-18',0,1),(260,26,217,'Interview cleared','2024-10-15',0,1),(261,27,21,'Pending','2024-01-10',0,1),(262,27,43,'Rejected','2024-02-28',0,1),(263,27,65,'Selected for interview','2024-03-15',0,1),(264,27,87,'Interview cleared','2024-04-22',0,1),(265,27,110,'HR round pending','2024-05-12',0,1),(266,27,133,'Hired','2024-06-30',0,1),(267,27,156,'Pending','2024-07-25',0,1),(268,27,179,'Rejected','2024-08-18',0,1),(269,27,202,'Selected for interview','2024-09-20',0,1),(270,27,226,'Interview cleared','2024-10-12',0,1),(271,28,23,'Rejected','2024-01-20',0,1),(272,28,46,'Selected for interview','2024-02-15',0,1),(273,28,69,'Interview cleared','2024-03-30',0,1),(274,28,92,'Pending','2024-04-20',0,1),(275,28,115,'Rejected','2024-05-10',0,1),(276,28,137,'HR round pending','2024-06-22',0,1),(277,28,159,'Hired','2024-07-12',0,1),(278,28,182,'Pending','2024-08-25',0,1),(279,28,206,'Selected for interview','2024-09-15',0,1),(280,28,225,'Interview cleared','2024-10-10',0,1),(282,29,37,'Interview cleared','2024-02-20',0,1),(283,29,60,'Pending','2024-03-12',0,1),(284,29,83,'Rejected','2024-04-28',0,1),(285,29,106,'HR round pending','2024-05-15',0,1),(286,29,129,'Hired','2024-06-20',0,1),(287,29,152,'Pending','2024-07-10',0,1),(288,29,175,'Rejected','2024-08-18',0,1),(289,29,198,'Selected for interview','2024-09-05',0,1),(290,29,220,'Interview cleared','2024-10-15',0,1),(291,30,25,'Rejected','2024-01-15',0,1),(292,30,48,'Selected for interview','2024-02-20',0,1),(293,30,70,'Interview cleared','2024-03-25',0,1),(294,30,93,'Pending','2024-04-15',0,1),(295,30,116,'Rejected','2024-05-28',0,1),(296,30,139,'HR round pending','2024-06-20',0,1),(297,30,162,'Hired','2024-07-10',0,1),(298,30,185,'Pending','2024-08-22',0,1),(299,30,208,'Selected for interview','2024-09-20',0,1),(300,30,226,'Interview cleared','2024-10-15',0,1),(301,31,17,'Pending','2024-01-18',0,1),(302,31,39,'Rejected','2024-02-10',0,1),(303,31,62,'Selected for interview','2024-03-05',0,1),(304,31,85,'Interview cleared','2024-04-15',0,1),(305,31,108,'HR round pending','2024-05-30',0,1),(306,31,130,'Hired','2024-06-20',0,1),(307,31,153,'Pending','2024-07-10',0,1),(308,31,176,'Rejected','2024-08-15',0,1),(309,31,198,'Selected for interview','2024-09-20',0,1),(310,31,220,'Interview cleared','2024-10-05',0,1),(311,32,22,'Rejected','2024-01-15',0,1),(312,32,45,'Selected for interview','2024-02-22',0,1),(313,32,68,'Interview cleared','2024-03-25',0,1),(314,32,91,'Pending','2024-04-15',0,1),(315,32,114,'Rejected','2024-05-30',0,1),(316,32,137,'HR round pending','2024-06-15',0,1),(317,32,160,'Hired','2024-07-25',0,1),(318,32,183,'Pending','2024-08-12',0,1),(319,32,206,'Selected for interview','2024-09-18',0,1),(320,32,226,'Interview cleared','2024-10-12',0,1),(321,33,24,'Selected for interview','2024-01-10',0,1),(322,33,47,'Interview cleared','2024-02-18',0,1),(323,33,70,'Pending','2024-03-15',0,1),(324,33,93,'Rejected','2024-04-22',0,1),(325,33,116,'HR round pending','2024-05-30',0,1),(326,33,139,'Hired','2024-06-22',0,1),(327,33,162,'Pending','2024-07-10',0,1),(328,33,185,'Rejected','2024-08-20',0,1),(329,33,208,'Selected for interview','2024-09-12',0,1),(330,33,226,'Interview cleared','2024-10-20',0,1),(331,34,19,'Pending','2024-01-22',0,1),(332,34,42,'Rejected','2024-02-25',0,1),(333,34,64,'Selected for interview','2024-03-12',0,1),(334,34,86,'Interview cleared','2024-04-20',0,1),(335,34,109,'Pending','2024-05-15',0,1),(336,34,132,'HR round pending','2024-06-30',0,1),(337,34,155,'Hired','2024-07-20',0,1),(338,34,179,'Rejected','2024-08-10',0,1),(339,34,200,'Selected for interview','2024-09-05',0,1),(340,34,223,'Interview cleared','2024-10-10',0,1),(341,35,30,'Selected for interview','2024-01-15',0,1),(342,35,52,'Interview cleared','2024-02-20',0,1),(343,35,74,'Pending','2024-03-25',0,1),(344,35,96,'Rejected','2024-04-10',0,1),(345,35,118,'HR round pending','2024-05-30',0,1),(346,35,141,'Hired','2024-06-15',0,1),(347,35,165,'Pending','2024-07-25',0,1),(348,35,188,'Rejected','2024-08-20',0,1),(349,35,210,'Selected for interview','2024-09-10',0,1),(350,35,226,'Interview cleared','2024-10-30',0,1),(351,36,13,'Rejected','2024-01-10',0,1),(352,36,35,'Selected for interview','2024-02-20',0,1),(353,36,57,'Interview cleared','2024-03-25',0,1),(354,36,80,'Pending','2024-04-15',0,1),(355,36,102,'Rejected','2024-05-28',0,1),(356,36,126,'HR round pending','2024-06-22',0,1),(357,36,149,'Hired','2024-07-12',0,1),(358,36,172,'Pending','2024-08-30',0,1),(359,36,195,'Rejected','2024-09-10',0,1),(360,36,220,'Selected for interview','2024-10-15',0,1),(361,37,26,'Pending','2024-01-12',0,1),(362,37,48,'Rejected','2024-02-15',0,1),(363,37,70,'Selected for interview','2024-03-20',0,1),(364,37,92,'Interview cleared','2024-04-10',0,1),(365,37,115,'Pending','2024-05-25',0,1),(366,37,138,'HR round pending','2024-06-20',0,1),(367,37,161,'Hired','2024-07-05',0,1),(368,37,184,'Rejected','2024-08-18',0,1),(369,37,207,'Selected for interview','2024-09-22',0,1),(370,37,226,'Interview cleared','2024-10-12',0,1),(371,38,22,'Rejected','2024-01-25',0,1),(372,38,44,'Selected for interview','2024-02-18',0,1),(373,38,66,'Interview cleared','2024-03-30',0,1),(374,38,88,'Pending','2024-04-20',0,1),(375,38,110,'Rejected','2024-05-25',0,1),(376,38,132,'HR round pending','2024-06-15',0,1),(377,38,154,'Hired','2024-07-20',0,1),(378,38,177,'Pending','2024-08-10',0,1),(379,38,200,'Rejected','2024-09-18',0,1),(380,38,223,'Selected for interview','2024-10-05',0,1),(381,39,15,'Selected for interview','2024-01-05',0,1),(382,39,37,'Interview cleared','2024-02-15',0,1),(383,39,59,'Pending','2024-03-25',0,1),(384,39,81,'Rejected','2024-04-20',0,1),(385,39,103,'HR round pending','2024-05-30',0,1),(386,39,125,'Hired','2024-06-20',0,1),(387,39,148,'Pending','2024-07-12',0,1),(388,39,171,'Rejected','2024-08-22',0,1),(389,39,194,'Selected for interview','2024-09-10',0,1),(390,39,217,'Interview cleared','2024-10-10',0,1),(391,40,18,'Interview cleared','2024-01-20',0,1),(392,40,41,'Pending','2024-02-10',0,1),(393,40,64,'Rejected','2024-03-05',0,1),(394,40,87,'Selected for interview','2024-04-22',0,1),(395,40,110,'Interview cleared','2024-05-15',0,1),(396,40,133,'Pending','2024-06-28',0,1),(397,40,156,'HR round pending','2024-07-20',0,1),(398,40,179,'Hired','2024-08-25',0,1),(399,40,202,'Rejected','2024-09-12',0,1),(400,40,226,'Selected for interview','2024-10-05',0,1),(401,41,10,'Selected for interview','2024-01-12',0,1),(402,41,33,'Interview cleared','2024-02-22',0,1),(403,41,56,'Pending','2024-03-20',0,1),(404,41,79,'Rejected','2024-04-15',0,1),(405,41,102,'Selected for interview','2024-05-28',0,1),(406,41,125,'Hired','2024-06-18',0,1),(407,41,148,'Pending','2024-07-30',0,1),(408,41,171,'Rejected','2024-08-10',0,1),(409,42,11,'Rejected','2024-01-15',0,1),(410,42,34,'Selected for interview','2024-02-25',0,1),(411,42,57,'Interview cleared','2024-03-15',0,1),(412,42,80,'Pending','2024-04-22',0,1),(413,42,103,'Rejected','2024-05-20',0,1),(414,42,126,'HR round pending','2024-06-25',0,1),(415,42,149,'Hired','2024-07-15',0,1),(416,42,172,'Pending','2024-08-05',0,1),(417,42,195,'Rejected','2024-09-18',0,1),(418,42,220,'Selected for interview','2024-10-10',0,1),(419,43,27,'Selected for interview','2024-01-15',0,1),(420,43,50,'Interview cleared','2024-02-20',0,1),(421,43,73,'Pending','2024-03-12',0,1),(422,43,96,'Rejected','2024-04-25',0,1),(423,43,119,'HR round pending','2024-05-15',0,1),(424,43,142,'Hired','2024-06-10',0,1),(425,43,165,'Pending','2024-07-20',0,1),(426,43,188,'Rejected','2024-08-12',0,1),(427,43,210,'Selected for interview','2024-09-25',0,1),(428,43,226,'Interview cleared','2024-10-12',0,1),(429,44,19,'Rejected','2024-01-20',0,1),(430,44,42,'Selected for interview','2024-02-15',0,1),(431,44,64,'Interview cleared','2024-03-25',0,1),(432,44,86,'Pending','2024-04-20',0,1),(433,44,108,'Rejected','2024-05-30',0,1),(434,44,131,'HR round pending','2024-06-18',0,1),(435,44,154,'Hired','2024-07-22',0,1),(436,44,177,'Pending','2024-08-15',0,1),(437,44,200,'Selected for interview','2024-09-10',0,1),(438,44,223,'Interview cleared','2024-10-05',0,1),(439,45,21,'Interview cleared','2024-01-12',0,1),(440,45,43,'Pending','2024-02-20',0,1),(441,45,65,'Rejected','2024-03-30',0,1),(442,45,87,'Selected for interview','2024-04-25',0,1),(443,45,109,'HR round pending','2024-05-20',0,1),(444,45,132,'Hired','2024-06-15',0,1),(445,45,155,'Pending','2024-07-10',0,1),(446,45,178,'Rejected','2024-08-25',0,1),(447,45,201,'Selected for interview','2024-09-15',0,1),(448,45,226,'Interview cleared','2024-10-20',0,1),(449,46,23,'Pending','2024-01-18',0,1),(450,46,46,'Rejected','2024-02-22',0,1),(451,46,69,'Selected for interview','2024-03-10',0,1),(452,46,92,'Interview cleared','2024-04-15',0,1),(453,46,115,'HR round pending','2024-05-30',0,1),(454,46,138,'Hired','2024-06-25',0,1),(455,46,161,'Pending','2024-07-15',0,1),(456,46,184,'Rejected','2024-08-05',0,1),(457,46,207,'Selected for interview','2024-09-20',0,1),(458,46,226,'Interview cleared','2024-10-15',0,1),(459,47,20,'Rejected','2024-01-12',0,1),(460,47,43,'Selected for interview','2024-02-28',0,1),(461,47,65,'Interview cleared','2024-03-20',0,1),(462,47,88,'Pending','2024-04-25',0,1),(463,47,110,'Rejected','2024-05-15',0,1),(464,47,133,'HR round pending','2024-06-10',0,1),(465,47,156,'Hired','2024-07-20',0,1),(466,47,179,'Pending','2024-08-30',0,1),(467,47,202,'Selected for interview','2024-09-10',0,1),(468,47,226,'Interview cleared','2024-10-05',0,1),(469,48,14,'Selected for interview','2024-01-10',0,1),(470,48,37,'Interview cleared','2024-02-15',0,1),(471,48,60,'Pending','2024-03-20',0,1),(472,48,83,'Rejected','2024-04-12',0,1),(473,48,106,'HR round pending','2024-05-30',0,1),(474,48,129,'Hired','2024-06-22',0,1),(475,48,152,'Pending','2024-07-15',0,1),(476,48,175,'Rejected','2024-08-10',0,1),(477,48,198,'Selected for interview','2024-09-25',0,1),(478,48,220,'Interview cleared','2024-10-10',0,1),(479,49,17,'Pending','2024-01-25',0,1),(480,49,39,'Rejected','2024-02-20',0,1),(481,49,61,'Selected for interview','2024-03-15',0,1),(482,49,84,'Interview cleared','2024-04-10',0,1),(483,49,107,'HR round pending','2024-05-25',0,1),(484,49,130,'Hired','2024-06-12',0,1),(485,49,153,'Pending','2024-07-30',0,1),(486,49,176,'Rejected','2024-08-18',0,1),(487,49,199,'Selected for interview','2024-09-20',0,1),(488,49,220,'Interview cleared','2024-10-15',0,1),(489,50,22,'Selected for interview','2024-01-10',0,1),(490,50,44,'Interview cleared','2024-02-18',0,1),(491,50,66,'Pending','2024-03-30',0,1),(492,50,88,'Rejected','2024-04-20',0,1),(493,50,110,'HR round pending','2024-05-18',0,1),(494,50,132,'Hired','2024-06-25',0,1),(495,50,154,'Pending','2024-07-10',0,1),(496,50,177,'Rejected','2024-08-30',0,1),(497,50,200,'Selected for interview','2024-09-15',0,1),(498,50,226,'Interview cleared','2024-10-12',0,1),(499,1,5,'Pending','2024-07-24',0,1),(500,1,64,'Pending','2024-07-24',0,1),(501,1,229,'Pending','2024-08-05',0,1),(502,1,208,'Pending','2024-08-05',0,1),(503,1,188,'Pending','2024-08-05',0,1),(504,1,188,'Pending','2024-08-05',0,1),(505,1,135,'Pending','2024-08-05',0,1),(506,1,29,'Pending','2024-08-05',0,1),(507,1,12,'Pending','2024-08-05',0,1),(508,1,111,'Pending','2024-08-06',0,1),(509,1,226,'Pending','2024-08-11',0,1),(510,90,2,'Pending','2025-04-23',0,1),(511,90,32,'Pending','2025-04-23',0,1),(512,2,32,'Pending','2025-04-23',0,1),(513,90,226,'Pending','2025-04-23',1,1);
/*!40000 ALTER TABLE `job_applications` ENABLE KEYS */;
UNLOCK TABLES;

--
-- Table structure for table `job_creator`
--

DROP TABLE IF EXISTS `job_creator`;
/*!40101 SET @saved_cs_client     = @@character_set_client */;
/*!50503 SET character_set_client = utf8mb4 */;
CREATE TABLE `job_creator` (
  `creator_id` int NOT NULL AUTO_INCREMENT,
  `creator_fname` varchar(150) DEFAULT NULL,
  `creator_lname` varchar(150) DEFAULT NULL,
  `company` varchar(150) NOT NULL,
  `emailID` varchar(150) DEFAULT NULL,
  `contact_number` bigint DEFAULT NULL,
  `password` varchar(100) DEFAULT NULL,
  `profile_photo` varchar(255) DEFAULT NULL,
  `isActive` tinyint(1) DEFAULT '1',
  PRIMARY KEY (`creator_id`)
) ENGINE=InnoDB AUTO_INCREMENT=19 DEFAULT CHARSET=utf8mb4 COLLATE=utf8mb4_0900_ai_ci;
/*!40101 SET character_set_client = @saved_cs_client */;

--
-- Dumping data for table `job_creator`
--

LOCK TABLES `job_creator` WRITE;
/*!40000 ALTER TABLE `job_creator` DISABLE KEYS */;
INSERT INTO `job_creator` VALUES (1,'Amit','Sharma','Accenture','amit.sharma@accenture.com',9876543210,'b24331b1a138cde62aa1f679164fc62f','accenture.png',1),(2,'Bhavna','Rao','airtel','bhavna.rao@airtel.com',9876543211,'b24331b1a138cde62aa1f679164fc62f','airtel.png',1),(3,'Chirag','Patel','deloitte','chirag.patel@deloitte.com',9876543212,'b24331b1a138cde62aa1f679164fc62f','deloitte.png',1),(4,'Divya','Mehta','amazon','divya.mehta@amazon.com',9876543213,'b24331b1a138cde62aa1f679164fc62f','amazon.png',1),(5,'Riya','Bhanushali','google','riya.bhanushali@google.com',9847693215,'b24331b1a138cde62aa1f679164fc62f','google.png',1),(6,'Farhan','Khan','Microsoft','farhan.khan@microsoft.com',9876543215,'b24331b1a138cde62aa1f679164fc62f','microsoft.png',1),(7,'Geeta','Nair','cisco','geeta.nair@cisco.com',9876543216,'b24331b1a138cde62aa1f679164fc62f','cisco.png',1),(8,'Harish','Bhat','paypal','harish.bhat@paypal.com',9876543217,'b24331b1a138cde62aa1f679164fc62f','paypal.png',1),(9,'Isha','Joshi','persistant','isha.joshi@persistant.com',9876543218,'b24331b1a138cde62aa1f679164fc62f','persistant.png',1),(10,'Jatin','Kulkarni','IBM','jatin.kulkarni@ibm.com',9876543219,'b24331b1a138cde62aa1f679164fc62f','ibm.png',1),(11,'Kavya','Reddy','Samsung','kavya.reddy@samsung.com',9876543220,'b24331b1a138cde62aa1f679164fc62f','samsung.png',1),(12,'Lalit','Agarwal','tata consultancy services','lalit.agarwal@tcs.com',9876543221,'b24331b1a138cde62aa1f679164fc62f','tcs.png',1),(13,'Megha','Singh','JPMorgan','megha.singh@jpmorgan.com',9876543222,'b24331b1a138cde62aa1f679164fc62f','jpmorgan.png',1),(14,'Nikhil','Das','Infosys','nikhil.das@infosys.com',9876543223,'b24331b1a138cde62aa1f679164fc62f','infosys.png',1),(15,'Ojas','Kapoor','hcl','ojas.kapoor@hcl.com',9876543224,'b24331b1a138cde62aa1f679164fc62f','hcl.png',1),(16,'Riddhi','Dethe','Google','riddhidethe@google.com',9373247185,'b24331b1a138cde62aa1f679164fc62f','Google.png',1),(17,'Gagan','Meshram','Cisco','meshram.gagan.510@gmail.com',9529272182,'b24331b1a138cde62aa1f679164fc62f','Cisco.png',1),(18,'Riddhi','Dethe','Google','riddhidethe@google.com',9373247185,'b24331b1a138cde62aa1f679164fc62f','Google.png',1);
/*!40000 ALTER TABLE `job_creator` ENABLE KEYS */;
UNLOCK TABLES;

--
-- Table structure for table `job_details`
--

DROP TABLE IF EXISTS `job_details`;
/*!40101 SET @saved_cs_client     = @@character_set_client */;
/*!50503 SET character_set_client = utf8mb4 */;
CREATE TABLE `job_details` (
  `job_id` int NOT NULL AUTO_INCREMENT,
  `job_role` varchar(50) NOT NULL,
  `job_desc` text NOT NULL,
  `job_type` varchar(50) NOT NULL,
  `city` varchar(100) NOT NULL,
  `company` varchar(100) NOT NULL,
  `skills_req` varchar(255) NOT NULL,
  `job_status` varchar(100) NOT NULL,
  `creator_id` int NOT NULL,
  `due_date` date DEFAULT NULL,
  `work_mode` varchar(50) DEFAULT NULL,
  `min_exp` int DEFAULT NULL,
  `max_exp` int DEFAULT NULL,
  `min_salary` double DEFAULT NULL,
  `max_salary` double DEFAULT NULL,
  `qualification` varchar(100) DEFAULT NULL,
  PRIMARY KEY (`job_id`),
  KEY `creator_id` (`creator_id`),
  CONSTRAINT `job_details_ibfk_1` FOREIGN KEY (`creator_id`) REFERENCES `job_creator` (`creator_id`)
) ENGINE=InnoDB AUTO_INCREMENT=231 DEFAULT CHARSET=utf8mb4 COLLATE=utf8mb4_0900_ai_ci;
/*!40101 SET character_set_client = @saved_cs_client */;

--
-- Dumping data for table `job_details`
--

LOCK TABLES `job_details` WRITE;
/*!40000 ALTER TABLE `job_details` DISABLE KEYS */;
INSERT INTO `job_details` VALUES (2,'Software Developer','Develop and maintain software applications using Java, Python, and C++. Strong problem-solving and data structures skills required.','full time','Mumbai, Maharashtra','Accenture','Java,Python,C++,Problem-Solving,Data Structures','available',1,'2024-07-21','onsite',0,3,40000,70000,'BE, BTech, MCA'),(3,'Mobile Developer','Develop mobile applications for iOS and Android using Swift, Kotlin, and React Native. Experience with Flutter is a plus.','full time','Work From Home','Accenture','Java,Kotlin,MongoDB,React Native,Flutter','available',1,'2024-02-04','remote',1,2,45000,65000,'BE, BTech, MCA'),(4,'Mobile Developer','Develop mobile applications for iOS and Android using Swift, Kotlin, and React Native. Experience with Flutter is a plus.','part time','Kolkata, West Bengal','Accenture','Java,Kotlin,MongoDB,React Native,Flutter','available',1,'2024-02-04','onsite',2,4,35000,50000,'BE, BTech, MCA'),(5,'Data Scientist','Analyze data and build machine learning models using Python, R, and SQL. Strong data visualization and statistics skills required.','part time','Banglore, Karnataka','Accenture','Python,R,SQL,Machine Learning,Data Visualization,Statistics','available',1,'2024-07-11','onsite',2,5,70000,100000,'MCA, MSE, BSE'),(6,'Data Scientist','Analyze data and build machine learning models using Python, R, and SQL. Strong data visualization and statistics skills required.','full time','Pune, Maharashtra','Accenture','Python,R,SQL,Machine Learning,Data Visualization,Statistics','available',1,'2024-07-11','onsite',2,5,70000,100000,'MCA, MSE, BSE'),(7,'Web Developer','Design and develop responsive websites using HTML, CSS, and JavaScript. Experience with React and Angular is a plus.','full time','Hyderabad, Andra Pradesh','Accenture','HTML,CSS,JavaScript,React,ExpresJS','available',1,'2024-04-04','onsite',3,6,40000,70000,'Diploma, BTech, MCA'),(8,'Web Developer','Design and develop responsive websites using HTML, CSS, and JavaScript. Experience with React and Angular is a plus.','full time','Work From Home','Accenture','HTML,CSS,JavaScript,React,ExpresJS','available',1,'2024-04-04','remote',3,6,43000,67000,'Diploma, BTech, MCA'),(9,'Database Administrator','Manage and optimize databases using SQL, Oracle, and MySQL. Ensure data backup and recovery procedures are in place.','full time','Kolkata, West Bengal','Accenture','SQL,Oracle,MySQL,Backup and Recovery, Performance Tuning','available',1,'2024-06-10','onsite',3,5,60000,90000,'BE, BTech, MTech'),(10,'Database Administrator','Manage and optimize databases using SQL, Oracle, and MySQL. Ensure data backup and recovery procedures are in place.','full time','Mumbai, Maharashtra','Accenture','SQL,MySQL,Backup and Recovery, Performance Tuning','available',1,'2024-06-10','onsite',2,3,40000,55000,'BE, BTech, MTech, BSC'),(11,'Cloud Engineer','Design and manage cloud architecture using AWS, Azure, and GCP. Ensure cloud security and containerization.','full time','Banglore, Karnataka','Accenture','AWS,Azure,GCP,Cloud Architecture,Cloud Security,Containerization','available',1,'2024-12-31','hybrid',3,6,70000,100000,'BE, BTech, MTech'),(12,'Cloud Engineer','Design and manage cloud architecture using AWS, Azure, and GCP. Ensure cloud security and containerization.','full time','Pune, Maharashtra','Accenture','AWS,Azure,GCP,Cloud Architecture,Cloud Security,Containerization','available',1,'2024-12-31','onsite',3,6,70000,100000,'BE, BTech, MTech'),(13,'UI/UX Designer','Design and improve user interfaces and user experiences for web and mobile applications. Proficiency in Figma and Adobe XD required.','part time','Mumbai, Maharashtra','Accenture','Figma,Adobe XD,UI Design,UX Research','available',1,'2024-01-23','onsite',0,2,35000,45000,'BE, BTech, BSC, BCA'),(14,'UI/UX Designer','Design and improve user interfaces and user experiences for web and mobile applications. Proficiency in Figma and Adobe XD required.','full time','Hyderabad, Andra Pradesh','Accenture','Figma,Adobe XD,UI Design,UX Research','available',1,'2024-01-23','onsite',2,5,68000,87000,'BE, BTech, BSC, BCA'),(15,'Software Developer','Develop and maintain software applications using Java, Python, and C++. Strong problem-solving and data structures skills required.','full time','Banglore, Karnataka','Accenture','Java,Python,C++,Problem-Solving,Data Structures','available',1,'2024-09-21','hybrid',1,3,54000,70000,'BE, BTech, MCA'),(16,'Mobile Developer','Develop mobile applications for iOS and Android using Swift, Kotlin, and React Native. Experience with Flutter is a plus.','full time','Work From Home','Accenture','Java,Kotlin,MongoDB,React Native,Flutter','available',1,'2024-02-03','remote',3,4,78000,98000,'BE, BTech, MCA, BSC, MSC, BCA, MCA'),(17,'Mobile Developer','Develop mobile applications for iOS and Android using Swift, Kotlin, and React Native. Experience with Flutter is a plus.','full time','Kolkata, West Bengal','Accenture','Java,Kotlin,MongoDB,React Native,Flutter','available',1,'2024-02-04','onsite',0,2,35000,40000,'BE, BTech, BSC, BCA'),(18,'Data Scientist','Analyze data and build machine learning models using Python, R, and SQL. Strong data visualization and statistics skills required.','part time','Pune, Maharashtra','Accenture','Python,R,SQL,Machine Learning,Data Visualization,Statistics','available',1,'2024-07-11','onsite',2,5,70000,100000,'MCA, MSE, BSE'),(19,'Data Scientist','Analyze data and build machine learning models using Python, R, and SQL. Strong data visualization and statistics skills required.','full time','Banglore, Karnataka','Accenture','Python,R,SQL,Machine Learning,Data Visualization,Statistics','available',1,'2024-04-12','hybrid',2,4,50000,65000,'MCA, MSE, BSE'),(20,'Web Developer','Design and develop responsive websites using HTML, CSS, and JavaScript. Experience with React and Angular is a plus.','full time','Hyderabad, Andra Pradesh','Accenture','HTML,CSS,JavaScript,React,ExpresJS','available',1,'2024-06-18','onsite',3,6,40000,70000,'Diploma, BTech, MCA'),(21,'Web Developer','Design and develop responsive websites using HTML, CSS, and JavaScript. Experience with React and Angular is a plus.','full time','Work From Home','Accenture','HTML,CSS,JavaScript,React,ExpresJS','available',1,'2024-07-24','remote',4,5,87000,95000,'BTech, MCA, BSC, MSC'),(22,'Database Administrator','Manage and optimize databases using SQL, Oracle, and MySQL. Ensure data backup and recovery procedures are in place.','full time','Banglore, Karnataka','Accenture','SQL,Oracle,MySQL,Backup and Recovery, Performance Tuning','available',1,'2024-06-10','onsite',3,5,60000,90000,'BE, BTech, MTech'),(23,'Database Administrator','Manage and optimize databases using SQL, Oracle, and MySQL. Ensure data backup and recovery procedures are in place.','full time','Mumbai, Maharashtra','Accenture','SQL,MySQL,Backup and Recovery, Performance Tuning','available',1,'2024-06-10','onsite',2,3,40000,55000,'BE, BTech, MTech, BSC'),(24,'Cloud Engineer','Design and manage cloud architecture using AWS, Azure, and GCP. Ensure cloud security and containerization.','full time','Kolkata, West Bengal','Accenture','AWS,Azure,GCP,Cloud Architecture,Cloud Security,Containerization','available',1,'2024-12-31','onsite',0,3,58000,78000,'BE, BTech, MTech, Msc, Bsc'),(25,'Cloud Engineer','Design and manage cloud architecture using AWS, Azure, and GCP. Ensure cloud security and containerization.','part time','Mumbai, Maharashtra','Accenture','AWS,Azure,GCP,Cloud Architecture,Cloud Security,Containerization','available',1,'2024-12-31','onsite',3,6,70000,100000,'BE, BTech, MTech'),(26,'UI/UX Designer','Design and improve user interfaces and user experiences for web and mobile applications. Proficiency in Figma and Adobe XD required.','full time','Hyderabad, Andra Pradesh','Accenture','Figma,Adobe XD,UI Design,UX Research','available',1,'2024-01-23','onsite',3,5,67000,85000,'BE, BTech, BSC, BCA, MCA, MTech'),(27,'UI/UX Designer','Design and improve user interfaces and user experiences for web and mobile applications. Proficiency in Figma and Adobe XD required.','part time','Kolkata, West Bengal','Accenture','Figma,Adobe XD,UI Design,UX Research','available',1,'2024-01-23','onsite',3,6,78000,83000,'BE, BTech, BSC, BCA'),(28,'Mobile Developer','Develop mobile applications for iOS and Android using Swift, Kotlin, and React Native. Experience with Flutter is a plus.','part time','Work From Home','airtel','Java,Kotlin,MongoDB,React Native,Flutter','available',2,'2024-02-04','remote',1,2,45000,65000,'BE, BTech, MCA'),(29,'Data Scientist','Analyze data and build machine learning models using Python, R, and SQL. Strong data visualization and statistics skills required.','full time','Kolkata, West Bengal','airtel','Python,R,SQL,Machine Learning,Data Visualization,Statistics','available',2,'2024-10-12','onsite',4,6,76000,93000,'MTech, MCA, MSE, BSE'),(30,'Software Developer','Develop and maintain software applications using Java, Python, and C++. Strong problem-solving and data structures skills required.','full time','Banglore, Karnataka','airtel','Java,Python,C++,Problem-Solving,Data Structures','available',2,'2024-12-31','onsite',2,5,67000,82000,'BE, BTech, MCA'),(31,'Data Scientist','Analyze data and build machine learning models using Python, R, and SQL. Strong data visualization and statistics skills required.','full time','Hyderabad, Andra Pradesh','airtel','Python,R,SQL,Machine Learning,Data Visualization,Statistics','available',2,'2024-05-05','onsite',1,3,45000,55000,'BTech, BE, Bsc, BCA'),(32,'Software Developer','Develop and maintain software applications using Java, Python, and C++. Strong problem-solving and data structures skills required.','part time','Pune, Maharashtra','airtel','Java,Python,C++,Problem-Solving,Data Structures','available',2,'2024-07-10','onsite',5,8,120000,150000,'BE, BTech, ME, MTech, MCA'),(33,'Database Administrator','Manage and optimize databases using SQL, Oracle, and MySQL. Ensure data backup and recovery procedures are in place.','full time','Kolkata, West Bengal','airtel','SQL,Oracle,MySQL,Backup and Recovery, Performance Tuning','available',2,'2024-06-10','onsite',1,3,60000,70000,'BE, BTech, MTech'),(34,'Web Developer','Design and develop responsive websites using HTML, CSS, and JavaScript. Experience with React and Angular is a plus.','full time','Work From Home','airtel','HTML,CSS,JavaScript,React,ExpresJS','available',2,'2024-04-04','remote',2,4,65000,89000,'BE, BTech, Msc, MTech, MCA'),(35,'Cloud Engineer','Design and manage cloud architecture using AWS, Azure, and GCP. Ensure cloud security and containerization.','full time','Mumbai, Maharashtra','airtel','AWS,Azure,GCP,Cloud Architecture,Cloud Security,Containerization','available',2,'2024-12-31','onsite',2,3,57000,78000,'BE, BTech, MTech'),(36,'Web Developer','Design and develop responsive websites using HTML, CSS, and JavaScript. Experience with React and Angular is a plus.','full time','Work From Home','airtel','HTML,CSS,JavaScript,React,ExpresJS','available',2,'2024-04-04','remote',3,6,43000,67000,'Diploma, BTech, MCA'),(37,'Database Administrator','Manage and optimize databases using SQL, Oracle, and MySQL. Ensure data backup and recovery procedures are in place.','full time','Pune, Maharashtra','airtel','SQL,MySQL,Backup and Recovery, Performance Tuning','available',2,'2024-06-10','onsite',2,3,67000,87000,'BE, BTech, MTech, BSC'),(38,'Cloud Engineer','Design and manage cloud architecture using AWS, Azure, and GCP. Ensure cloud security and containerization.','full time','Pune, Maharashtra','airtel','AWS,Azure,GCP,Cloud Architecture,Cloud Security,Containerization','available',2,'2024-12-31','onsite',3,6,70000,100000,'BE, BTech, MTech'),(39,'UI/UX Designer','Design and improve user interfaces and user experiences for web and mobile applications. Proficiency in Figma and Adobe XD required.','full time','Mumbai, Maharashtra','airtel','Figma,Adobe XD,UI Design,UX Research','available',2,'2024-01-23','onsite',0,2,35000,45000,'BE, BTech, BSC, BCA'),(40,'Software Developer','Develop and maintain software applications using Java, Python, and C++. Strong problem-solving and data structures skills required.','full time','Banglore, Andra Pradesh','airtel','Java,Python,C++,Problem-Solving,Data Structures','available',2,'2024-04-05','onsite',2,4,55000,85000,'BE, BTech, MCA, MTech'),(41,'Mobile Developer','Develop mobile applications for iOS and Android using Swift, Kotlin, and React Native. Experience with Flutter is a plus.','full time','Work From Home','airtel','Java,Kotlin,MongoDB,React Native,Flutter','available',2,'2024-02-03','remote',3,4,78000,98000,'BE, BTech, MCA, BSC, MSC, BCA, MCA'),(42,'Software Developer','Develop and maintain software applications using Java, Python, and C++. Strong problem-solving and data structures skills required.','full time','Banglore, Karnataka','airtel','Java,Python,C++,Problem-Solving,Data Structures','available',2,'2024-09-21','hybrid',1,3,54000,70000,'BE, BTech, MCA'),(43,'Mobile Developer','Develop mobile applications for iOS and Android using Swift, Kotlin, and React Native. Experience with Flutter is a plus.','part time','Work From Home','airtel','Java,Kotlin,MongoDB,React Native,Flutter','available',2,'2024-02-04','remote',0,2,35000,40000,'BE, BTech, BSC, BCA'),(44,'Data Scientist','Analyze data and build machine learning models using Python, R, and SQL. Strong data visualization and statistics skills required.','full time','Banglore, Karnataka','airtel','Python,R,SQL,Machine Learning,Data Visualization,Statistics','available',2,'2024-04-12','hybrid',2,4,50000,65000,'MCA, MSE, BSE'),(45,'Web Developer','Design and develop responsive websites using HTML, CSS, and JavaScript. Experience with React and Angular is a plus.','full time','Hyderabad, Andra Pradesh','airtel','HTML,CSS,JavaScript,React,ExpresJS','available',2,'2024-06-18','onsite',3,6,40000,70000,'Diploma, BTech, MCA'),(46,'Database Administrator','Manage and optimize databases using SQL, Oracle, and MySQL. Ensure data backup and recovery procedures are in place.','full time','Banglore, Karnataka','airtel','SQL,Oracle,MySQL,Backup and Recovery, Performance Tuning','available',2,'2024-06-10','onsite',3,5,60000,90000,'BE, BTech, MTech'),(47,'Data Scientist','Analyze data and build machine learning models using Python, R, and SQL. Strong data visualization and statistics skills required.','part time','Pune, Maharashtra','airtel','Python,R,SQL,Machine Learning,Data Visualization,Statistics','available',2,'2024-07-11','onsite',2,5,70000,100000,'MCA, MSE, BSE'),(48,'UI/UX Designer','Design and improve user interfaces and user experiences for web and mobile applications. Proficiency in Figma and Adobe XD required.','full time','Hyderabad, Andra Pradesh','airtel','Figma,Adobe XD,UI Design,UX Research','available',2,'2024-01-23','onsite',1,3,63000,75000,'BE, BTech, BSC, BCA'),(49,'Database Administrator','Manage and optimize databases using SQL, Oracle, and MySQL. Ensure data backup and recovery procedures are in place.','full time','Banglore, Karnataka','airtel','SQL,MySQL,Backup and Recovery, Performance Tuning','available',2,'2024-06-10','onsite',2,3,40000,55000,'BE, BTech, MTech, BSC'),(50,'Cloud Engineer','Design and manage cloud architecture using AWS, Azure, and GCP. Ensure cloud security and containerization.','full time','Pune, Maharashtra','airtel','AWS,Azure,GCP,Cloud Architecture,Cloud Security,Containerization','available',2,'2024-12-31','onsite',3,6,90000,100000,'BE, BTech, MTech, Msc, Bsc'),(51,'Web Developer','Design and develop responsive websites using HTML, CSS, and JavaScript. Experience with React and Angular is a plus.','part time','Work From Home','airtel','HTML,CSS,JavaScript,React,ExpresJS','available',2,'2024-07-24','remote',3,4,87000,95000,'BTech, MCA, BSC, MSC'),(52,'Cloud Engineer','Design and manage cloud architecture using AWS, Azure, and GCP. Ensure cloud security and containerization.','part time','Mumbai, Maharashtra','airtel','AWS,Azure,GCP,Cloud Architecture,Cloud Security,Containerization','available',2,'2024-12-31','onsite',3,6,70000,100000,'BE, BTech, MTech'),(53,'UI/UX Designer','Design and improve user interfaces and user experiences for web and mobile applications. Proficiency in Figma and Adobe XD required.','part time','Mumbai, Maharashtra','airtel','Figma,Adobe XD,UI Design,UX Research','available',2,'2024-03-13','onsite',0,3,60000,80000,'BE, BTech, BSC, BCA'),(54,'Software Developer','Develop and maintain software applications using Java, Python, and C++. Strong problem-solving and data structures skills required.','full time','Pune, Maharashtra','Deloitte','Java,Python,C++,Problem-Solving,Data Structures','available',3,'2024-12-31','onsite',2,5,51000,81000,'BE, BTech, MCA'),(55,'Software Developer','Develop and maintain software applications using Java, Python, and C++. Strong problem-solving and data structures skills required.','full time','Mumbai, Maharashtra','Deloitte','Java,Python,C++,Problem-Solving,Data Structures','available',3,'2024-07-21','onsite',1,4,42000,72000,'BE, BTech, MCA'),(56,'Mobile Developer','Develop mobile applications for iOS and Android using Swift, Kotlin, and React Native. Experience with Flutter is a plus.','full time','Work From Home','Deloitte','Java,Kotlin,MongoDB,React Native,Flutter','available',3,'2024-02-04','remote',2,3,46000,66000,'BE, BTech, MCA'),(57,'Mobile Developer','Develop mobile applications for iOS and Android using Swift, Kotlin, and React Native. Experience with Flutter is a plus.','part time','Kolkata, West Bengal','Deloitte','Java,Kotlin,MongoDB,React Native,Flutter','available',3,'2024-02-04','onsite',3,5,36000,51000,'BE, BTech, MCA'),(58,'Data Scientist','Analyze data and build machine learning models using Python, R, and SQL. Strong data visualization and statistics skills required.','part time','Bangalore, Karnataka','Deloitte','Python,R,SQL,Machine Learning,Data Visualization,Statistics','available',3,'2024-07-11','onsite',3,6,71000,101000,'MCA, MSE, BSE'),(59,'Data Scientist','Analyze data and build machine learning models using Python, R, and SQL. Strong data visualization and statistics skills required.','full time','Pune, Maharashtra','Deloitte','Python,R,SQL,Machine Learning,Data Visualization,Statistics','available',3,'2024-07-11','onsite',3,6,71000,101000,'MCA, MSE, BSE'),(60,'Web Developer','Design and develop responsive websites using HTML, CSS, and JavaScript. Experience with React and Angular is a plus.','full time','Hyderabad, Andra Pradesh','Deloitte','HTML,CSS,JavaScript,React,Angular','available',3,'2024-04-04','onsite',3,6,41000,71000,'Diploma, BTech, MCA'),(61,'Web Developer','Design and develop responsive websites using HTML, CSS, and JavaScript. Experience with React and Angular is a plus.','full time','Work From Home','Deloitte','HTML,CSS,JavaScript,React,Angular','available',3,'2024-04-04','remote',3,6,44000,68000,'Diploma, BTech, MCA'),(62,'Database Administrator','Manage and optimize databases using SQL, Oracle, and MySQL. Ensure data backup and recovery procedures are in place.','full time','Kolkata, West Bengal','Deloitte','SQL,Oracle,MySQL,Backup and Recovery,Performance Tuning','available',3,'2024-06-10','onsite',3,5,61000,91000,'BE, BTech, MTech'),(63,'Database Administrator','Manage and optimize databases using SQL, Oracle, and MySQL. Ensure data backup and recovery procedures are in place.','full time','Mumbai, Maharashtra','Deloitte','SQL,MySQL,Backup and Recovery,Performance Tuning','available',3,'2024-06-10','onsite',2,4,42000,57000,'BE, BTech, MTech, BSC'),(64,'Cloud Engineer','Design and manage cloud architecture using AWS, Azure, and GCP. Ensure cloud security and containerization.','full time','Bangalore, Karnataka','Deloitte','AWS,Azure,GCP,Cloud Architecture,Cloud Security,Containerization','available',3,'2024-12-31','hybrid',3,6,71000,101000,'BE, BTech, MTech'),(65,'Cloud Engineer','Design and manage cloud architecture using AWS, Azure, and GCP. Ensure cloud security and containerization.','full time','Pune, Maharashtra','Deloitte','AWS,Azure,GCP,Cloud Architecture,Cloud Security,Containerization','available',3,'2024-12-31','onsite',3,6,71000,101000,'BE, BTech, MTech'),(66,'UI/UX Designer','Design and improve user interfaces and user experiences for web and mobile applications. Proficiency in Figma and Adobe XD required.','part time','Mumbai, Maharashtra','Deloitte','Figma,Adobe XD,UI Design,UX Research','available',3,'2024-01-23','onsite',1,3,36000,46000,'BE, BTech, BSC, BCA'),(67,'UI/UX Designer','Design and improve user interfaces and user experiences for web and mobile applications. Proficiency in Figma and Adobe XD required.','full time','Hyderabad, Andra Pradesh','Deloitte','Figma,Adobe XD,UI Design,UX Research','available',3,'2024-01-23','onsite',2,5,69000,88000,'BE, BTech, BSC, BCA'),(68,'Software Developer','Develop and maintain software applications using Java, Python, and C++. Strong problem-solving and data structures skills required.','full time','Bangalore, Karnataka','Deloitte','Java,Python,C++,Problem-Solving,Data Structures','available',3,'2024-09-21','hybrid',1,3,55000,71000,'BE, BTech, MCA'),(69,'Mobile Developer','Develop mobile applications for iOS and Android using Swift, Kotlin, and React Native. Experience with Flutter is a plus.','full time','Work From Home','Deloitte','Java,Kotlin,MongoDB,React Native,Flutter','available',3,'2024-02-03','remote',3,4,79000,99000,'BE, BTech, MCA, BSC, MSC, BCA, MCA'),(70,'Mobile Developer','Develop mobile applications for iOS and Android using Swift, Kotlin, and React Native. Experience with Flutter is a plus.','full time','Kolkata, West Bengal','Deloitte','Java,Kotlin,MongoDB,React Native,Flutter','available',3,'2024-02-04','onsite',1,3,36000,41000,'BE, BTech, BSC, BCA'),(71,'Data Scientist','Analyze data and build machine learning models using Python, R, and SQL. Strong data visualization and statistics skills required.','part time','Pune, Maharashtra','Deloitte','Python,R,SQL,Machine Learning,Data Visualization,Statistics','available',3,'2024-07-11','onsite',2,5,71000,101000,'MCA, MSE, BSE'),(72,'Data Scientist','Analyze data and build machine learning models using Python, R, and SQL. Strong data visualization and statistics skills required.','full time','Bangalore, Karnataka','Deloitte','Python,R,SQL,Machine Learning,Data Visualization,Statistics','available',3,'2024-04-12','hybrid',2,4,51000,66000,'MCA, MSE, BSE'),(73,'Web Developer','Design and develop responsive websites using HTML, CSS, and JavaScript. Experience with React and Angular is a plus.','full time','Hyderabad, Andra Pradesh','Deloitte','HTML,CSS,JavaScript,React,Angular','available',3,'2024-06-18','onsite',3,6,41000,71000,'Diploma, BTech, MCA'),(74,'Web Developer','Design and develop responsive websites using HTML, CSS, and JavaScript. Experience with React and Angular is a plus.','full time','Work From Home','Deloitte','HTML,CSS,JavaScript,React,Angular','available',3,'2024-04-16','remote',3,6,41000,71000,'Diploma, BTech, MCA'),(75,'Database Administrator','Manage and optimize databases using SQL, Oracle, and MySQL. Ensure data backup and recovery procedures are in place.','full time','Kolkata, West Bengal','Deloitte','SQL,Oracle,MySQL,Backup and Recovery,Performance Tuning','available',3,'2024-06-10','onsite',3,5,61000,91000,'BE, BTech, MTech'),(76,'Database Administrator','Manage and optimize databases using SQL, Oracle, and MySQL. Ensure data backup and recovery procedures are in place.','full time','Mumbai, Maharashtra','Deloitte','SQL,MySQL,Backup and Recovery,Performance Tuning','available',3,'2024-06-10','onsite',2,4,42000,57000,'BE, BTech, MTech, BSC'),(77,'Cloud Engineer','Design and manage cloud architecture using AWS, Azure, and GCP. Ensure cloud security and containerization.','full time','Bangalore, Kartaka','Deloitte','AWS,Azure,GCP,Cloud Architecture,Cloud Security,Containerization','available',3,'2024-12-31','hybrid',3,6,71000,101000,'BE, BTech, MTech'),(78,'Cloud Engineer','Design and manage cloud architecture using AWS, Azure, and GCP. Ensure cloud security and containerization.','full time','Pune, Maharashtra','Deloitte','AWS,Azure,GCP,Cloud Architecture,Cloud Security,Containerization','available',3,'2024-12-31','onsite',3,6,71000,101000,'BE, BTech, MTech'),(79,'UI/UX Designer','Design and improve user interfaces and user experiences for web and mobile applications. Proficiency in Figma and Adobe XD required.','part time','Mumbai, Maharashtra','Deloitte','Figma,Adobe XD,UI Design,UX Research','available',3,'2024-01-23','onsite',1,3,36000,46000,'BE, BTech, BSC, BCA'),(80,'UI/UX Designer','Design and improve user interfaces and user experiences for web and mobile applications. Proficiency in Figma and Adobe XD required.','full time','Hyderabad, Andra Pradesh','Deloitte','Figma,Adobe XD,UI Design,UX Research','available',3,'2024-01-23','onsite',2,5,69000,88000,'BE, BTech, BSC, BCA'),(81,'Software Developer','Develop and maintain software applications using Java, Python, and C++. Strong problem-solving and data structures skills required.','full time','Pune, Maharashtra','amazon','Java,Python,C++,Problem-Solving,Data Structures','available',4,'2024-12-31','onsite',2,5,51000,81000,'BE, BTech, MCA'),(82,'Mobile Developer','Develop mobile applications for iOS and Android using Swift, Kotlin, and React Native. Experience with Flutter is a plus.','full time','Work From Home','amazon','Java,Kotlin,MongoDB,React Native,Flutter','available',4,'2024-02-04','remote',2,3,46000,66000,'BE, BTech, MCA'),(83,'UI/UX Designer','Design and improve user interfaces and user experiences for web and mobile applications. Proficiency in Figma and Adobe XD required.','part time','Mumbai, Maharashtra','amazon','Figma,Adobe XD,UI Design,UX Research','available',4,'2024-01-23','onsite',1,3,36000,46000,'BE, BTech, BSC, BCA'),(84,'Software Developer','Develop and maintain software applications using Java, Python, and C++. Strong problem-solving and data structures skills required.','full time','Mumbai, Maharashtra','amazon','Java,Python,C++,Problem-Solving,Data Structures','available',4,'2024-07-21','onsite',1,4,42000,72000,'BE, BTech, MCA'),(85,'Data Scientist','Analyze data and build machine learning models using Python, R, and SQL. Strong data visualization and statistics skills required.','part time','Bangalore, Karnataka','amazon','Python,R,SQL,Machine Learning,Data Visualization,Statistics','available',4,'2024-07-11','onsite',3,6,71000,101000,'MCA, MSE, BSE'),(86,'Database Administrator','Manage and optimize databases using SQL, Oracle, and MySQL. Ensure data backup and recovery procedures are in place.','full time','Kolkata, West Bengal','amazon','SQL,Oracle,MySQL,Backup and Recovery,Performance Tuning','available',4,'2024-06-10','onsite',3,5,61000,91000,'BE, BTech, MTech'),(87,'Web Developer','Design and develop responsive websites using HTML, CSS, and JavaScript. Experience with React and Angular is a plus.','full time','Hyderabad, Andra Pradesh','amazon','HTML,CSS,JavaScript,React,Angular','available',4,'2024-04-04','onsite',3,6,41000,71000,'Diploma, BTech, MCA'),(88,'Web Developer','Design and develop responsive websites using HTML, CSS, and JavaScript. Experience with React and Angular is a plus.','full time','Work From Home','amazon','HTML,CSS,JavaScript,React,Angular','available',4,'2024-04-04','remote',3,6,44000,68000,'Diploma, BTech, MCA'),(89,'Mobile Developer','Develop mobile applications for iOS and Android using Swift, Kotlin, and React Native. Experience with Flutter is a plus.','part time','Kolkata, West Bengal','amazon','Java,Kotlin,MongoDB,React Native,Flutter','available',4,'2024-02-04','onsite',3,5,36000,51000,'BE, BTech, MCA'),(90,'UI/UX Designer','Design and improve user interfaces and user experiences for web and mobile applications. Proficiency in Figma and Adobe XD required.','part time','Mumbai, Maharashtra','amazon','Figma,Adobe XD,UI Design,UX Research','available',4,'2024-01-23','onsite',1,3,36000,46000,'BE, BTech, BSC, BCA'),(91,'Database Administrator','Manage and optimize databases using SQL, Oracle, and MySQL. Ensure data backup and recovery procedures are in place.','full time','Mumbai, Maharashtra','amazon','SQL,MySQL,Backup and Recovery,Performance Tuning','available',4,'2024-06-10','onsite',2,4,42000,57000,'BE, BTech, MTech, BSC'),(92,'Cloud Engineer','Design and manage cloud architecture using AWS, Azure, and GCP. Ensure cloud security and containerization.','full time','Pune, Maharashtra','amazon','AWS,Azure,GCP,Cloud Architecture,Cloud Security,Containerization','available',4,'2024-12-31','onsite',3,6,71000,101000,'BE, BTech, MTech'),(93,'UI/UX Designer','Design and improve user interfaces and user experiences for web and mobile applications. Proficiency in Figma and Adobe XD required.','full time','Hyderabad, Andra Pradesh','amazon','Figma,Adobe XD,UI Design,UX Research','available',4,'2024-01-23','onsite',2,5,69000,88000,'BE, BTech, BSC, BCA'),(94,'Mobile Developer','Develop mobile applications for iOS and Android using Swift, Kotlin, and React Native. Experience with Flutter is a plus.','full time','Work From Home','amazon','Java,Kotlin,MongoDB,React Native,Flutter','available',4,'2024-02-03','remote',3,4,79000,99000,'BE, BTech, MCA, BSC, MSC, BCA, MCA'),(95,'Cloud Engineer','Design and manage cloud architecture using AWS, Azure, and GCP. Ensure cloud security and containerization.','full time','Bangalore, Karnataka','amazon','AWS,Azure,GCP,Cloud Architecture,Cloud Security,Containerization','available',4,'2024-12-31','hybrid',3,6,71000,101000,'BE, BTech, MTech'),(96,'Mobile Developer','Develop mobile applications for iOS and Android using Swift, Kotlin, and React Native. Experience with Flutter is a plus.','full time','Kolkata, West Bengal','amazon','Java,Kotlin,MongoDB,React Native,Flutter','available',4,'2024-02-04','onsite',1,3,36000,41000,'BE, BTech, BSC, BCA'),(97,'Data Scientist','Analyze data and build machine learning models using Python, R, and SQL. Strong data visualization and statistics skills required.','full time','Pune, Maharashtra','amazon','Python,R,SQL,Machine Learning,Data Visualization,Statistics','available',4,'2024-07-11','onsite',3,6,71000,101000,'MCA, MSE, BSE'),(98,'Web Developer','Design and develop responsive websites using HTML, CSS, and JavaScript. Experience with React and Angular is a plus.','full time','Hyderabad, Andra Pradesh','amazon','HTML,CSS,JavaScript,React,Angular','available',4,'2024-06-18','onsite',3,6,41000,71000,'Diploma, BTech, MCA'),(99,'Software Developer','Develop and maintain software applications using Java, Python, and C++. Strong problem-solving and data structures skills required.','full time','Bangalore, Karnataka','amazon','Java,Python,C++,Problem-Solving,Data Structures','available',4,'2024-09-21','hybrid',1,3,55000,71000,'BE, BTech, MCA'),(100,'Cloud Engineer','Design and manage cloud architecture using AWS, Azure, and GCP. Ensure cloud security and containerization.','full time','Pune, Maharashtra','amazon','AWS,Azure,GCP,Cloud Architecture,Cloud Security,Containerization','available',4,'2024-12-31','onsite',3,6,71000,101000,'BE, BTech, MTech'),(101,'Data Scientist','Analyze data and build machine learning models using Python, R, and SQL. Strong data visualization and statistics skills required.','part time','Pune, Maharashtra','amazon','Python,R,SQL,Machine Learning,Data Visualization,Statistics','available',4,'2024-07-11','onsite',2,5,71000,101000,'MCA, MSE, BSE'),(102,'Data Scientist','Analyze data and build machine learning models using Python, R, and SQL. Strong data visualization and statistics skills required.','full time','Bangalore, Karnataka','amazon','Python,R,SQL,Machine Learning,Data Visualization,Statistics','available',4,'2024-04-12','hybrid',2,4,51000,66000,'MCA, MSE, BSE'),(103,'Web Developer','Design and develop responsive websites using HTML, CSS, and JavaScript. Experience with React and Angular is a plus.','full time','Work From Home','amazon','HTML,CSS,JavaScript,React,Angular','available',4,'2024-04-16','remote',3,6,41000,71000,'Diploma, BTech, MCA'),(104,'Database Administrator','Manage and optimize databases using SQL, Oracle, and MySQL. Ensure data backup and recovery procedures are in place.','full time','Kolkata, West Bengal','amazon','SQL,Oracle,MySQL,Backup and Recovery,Performance Tuning','available',4,'2024-06-10','onsite',3,5,61000,91000,'BE, BTech, MTech'),(105,'Database Administrator','Manage and optimize databases using SQL, Oracle, and MySQL. Ensure data backup and recovery procedures are in place.','full time','Mumbai, Maharashtra','amazon','SQL,MySQL,Backup and Recovery,Performance Tuning','available',4,'2024-06-10','onsite',2,4,42000,57000,'BE, BTech, MTech, BSC'),(106,'Cloud Engineer','Design and manage cloud architecture using AWS, Azure, and GCP. Ensure cloud security and containerization.','full time','Bangalore, Kartaka','amazon','AWS,Azure,GCP,Cloud Architecture,Cloud Security,Containerization','available',4,'2024-12-31','hybrid',3,6,71000,101000,'BE, BTech, MTech'),(107,'UI/UX Designer','Design and improve user interfaces and user experiences for web and mobile applications. Proficiency in Figma and Adobe XD required.','full time','Hyderabad, Andra Pradesh','amazon','Figma,Adobe XD,UI Design,UX Research','available',4,'2024-01-23','onsite',2,5,69000,88000,'BE, BTech, BSC, BCA'),(108,'Mobile Developer','Develop mobile applications for iOS and Android using Swift, Kotlin, and React Native. Experience with Flutter is a plus.','part time','Work From Home','google','Java,Kotlin,MongoDB,React Native,Flutter','available',5,'2024-02-04','remote',1,2,45000,65000,'BE, BTech, MCA'),(109,'Data Scientist','Analyze data and build machine learning models using Python, R, and SQL. Strong data visualization and statistics skills required.','full time','Kolkata, West Bengal','google','Python,R,SQL,Machine Learning,Data Visualization,Statistics','available',5,'2024-10-12','onsite',4,6,76000,93000,'MTech, MCA, MSE, BSE'),(110,'Software Developer','Develop and maintain software applications using Java, Python, and C++. Strong problem-solving and data structures skills required.','full time','Banglore, Karnataka','google','Java,Python,C++,Problem-Solving,Data Structures','available',5,'2024-12-31','onsite',2,5,67000,82000,'BE, BTech, MCA'),(111,'Data Scientist','Analyze data and build machine learning models using Python, R, and SQL. Strong data visualization and statistics skills required.','full time','Hyderabad, Andra Pradesh','google','Python,R,SQL,Machine Learning,Data Visualization,Statistics','available',5,'2024-05-05','onsite',1,3,45000,55000,'BTech, BE, Bsc, BCA'),(112,'Software Developer','Develop and maintain software applications using Java, Python, and C++. Strong problem-solving and data structures skills required.','part time','Pune, Maharashtra','google','Java,Python,C++,Problem-Solving,Data Structures','available',5,'2024-07-10','onsite',5,8,120000,150000,'BE, BTech, ME, MTech, MCA'),(113,'Database Administrator','Manage and optimize databases using SQL, Oracle, and MySQL. Ensure data backup and recovery procedures are in place.','full time','Kolkata, West Bengal','google','SQL,Oracle,MySQL,Backup and Recovery, Performance Tuning','available',5,'2024-06-10','onsite',1,3,60000,70000,'BE, BTech, MTech'),(114,'Web Developer','Design and develop responsive websites using HTML, CSS, and JavaScript. Experience with React and Angular is a plus.','full time','Work From Home','google','HTML,CSS,JavaScript,React,ExpresJS','available',5,'2024-04-04','remote',2,4,65000,89000,'BE, BTech, Msc, MTech, MCA'),(115,'Cloud Engineer','Design and manage cloud architecture using AWS, Azure, and GCP. Ensure cloud security and containerization.','full time','Mumbai, Maharashtra','google','AWS,Azure,GCP,Cloud Architecture,Cloud Security,Containerization','available',5,'2024-12-31','onsite',2,3,57000,78000,'BE, BTech, MTech'),(116,'Web Developer','Design and develop responsive websites using HTML, CSS, and JavaScript. Experience with React and Angular is a plus.','full time','Work From Home','google','HTML,CSS,JavaScript,React,ExpresJS','available',5,'2024-04-04','remote',3,6,43000,67000,'Diploma, BTech, MCA'),(117,'Database Administrator','Manage and optimize databases using SQL, Oracle, and MySQL. Ensure data backup and recovery procedures are in place.','full time','Pune, Maharashtra','google','SQL,MySQL,Backup and Recovery, Performance Tuning','available',5,'2024-06-10','onsite',2,3,67000,87000,'BE, BTech, MTech, BSC'),(118,'Cloud Engineer','Design and manage cloud architecture using AWS, Azure, and GCP. Ensure cloud security and containerization.','full time','Pune, Maharashtra','google','AWS,Azure,GCP,Cloud Architecture,Cloud Security,Containerization','available',5,'2024-12-31','onsite',3,6,70000,100000,'BE, BTech, MTech'),(119,'UI/UX Designer','Design and improve user interfaces and user experiences for web and mobile applications. Proficiency in Figma and Adobe XD required.','full time','Mumbai, Maharashtra','google','Figma,Adobe XD,UI Design,UX Research','available',5,'2024-01-23','onsite',0,2,35000,45000,'BE, BTech, BSC, BCA'),(120,'Software Developer','Develop and maintain software applications using Java, Python, and C++. Strong problem-solving and data structures skills required.','full time','Banglore, Andra Pradesh','google','Java,Python,C++,Problem-Solving,Data Structures','available',5,'2024-04-05','onsite',2,4,55000,85000,'BE, BTech, MCA, MTech'),(121,'Mobile Developer','Develop mobile applications for iOS and Android using Swift, Kotlin, and React Native. Experience with Flutter is a plus.','full time','Work From Home','google','Java,Kotlin,MongoDB,React Native,Flutter','available',5,'2024-02-03','remote',3,4,78000,98000,'BE, BTech, MCA, BSC, MSC, BCA, MCA'),(122,'Software Developer','Develop and maintain software applications using Java, Python, and C++. Strong problem-solving and data structures skills required.','full time','Banglore, Karnataka','google','Java,Python,C++,Problem-Solving,Data Structures','available',5,'2024-09-21','hybrid',1,3,54000,70000,'BE, BTech, MCA'),(123,'Mobile Developer','Develop mobile applications for iOS and Android using Swift, Kotlin, and React Native. Experience with Flutter is a plus.','part time','Work From Home','google','Java,Kotlin,MongoDB,React Native,Flutter','available',5,'2024-02-04','remote',0,2,35000,40000,'BE, BTech, BSC, BCA'),(124,'Data Scientist','Analyze data and build machine learning models using Python, R, and SQL. Strong data visualization and statistics skills required.','full time','Banglore, Karnataka','google','Python,R,SQL,Machine Learning,Data Visualization,Statistics','available',5,'2024-04-12','hybrid',2,4,50000,65000,'MCA, MSE, BSE'),(125,'Web Developer','Design and develop responsive websites using HTML, CSS, and JavaScript. Experience with React and Angular is a plus.','full time','Hyderabad, Andra Pradesh','google','HTML,CSS,JavaScript,React,ExpresJS','available',5,'2024-06-18','onsite',3,6,40000,70000,'Diploma, BTech, MCA'),(126,'Database Administrator','Manage and optimize databases using SQL, Oracle, and MySQL. Ensure data backup and recovery procedures are in place.','full time','Banglore, Karnataka','google','SQL,Oracle,MySQL,Backup and Recovery, Performance Tuning','available',5,'2024-06-10','onsite',3,5,60000,90000,'BE, BTech, MTech'),(127,'Data Scientist','Analyze data and build machine learning models using Python, R, and SQL. Strong data visualization and statistics skills required.','part time','Pune, Maharashtra','google','Python,R,SQL,Machine Learning,Data Visualization,Statistics','available',5,'2024-07-11','onsite',2,5,70000,100000,'MCA, MSE, BSE'),(128,'UI/UX Designer','Design and improve user interfaces and user experiences for web and mobile applications. Proficiency in Figma and Adobe XD required.','full time','Hyderabad, Andra Pradesh','google','Figma,Adobe XD,UI Design,UX Research','available',5,'2024-01-23','onsite',1,3,63000,75000,'BE, BTech, BSC, BCA'),(129,'Database Administrator','Manage and optimize databases using SQL, Oracle, and MySQL. Ensure data backup and recovery procedures are in place.','full time','Banglore, Karnataka','google','SQL,MySQL,Backup and Recovery, Performance Tuning','available',5,'2024-06-10','onsite',2,3,40000,55000,'BE, BTech, MTech, BSC'),(130,'Cloud Engineer','Design and manage cloud architecture using AWS, Azure, and GCP. Ensure cloud security and containerization.','full time','Pune, Maharashtra','google','AWS,Azure,GCP,Cloud Architecture,Cloud Security,Containerization','available',5,'2024-12-31','onsite',3,6,90000,100000,'BE, BTech, MTech, Msc, Bsc'),(131,'Web Developer','Design and develop responsive websites using HTML, CSS, and JavaScript. Experience with React and Angular is a plus.','part time','Work From Home','google','HTML,CSS,JavaScript,React,ExpresJS','available',5,'2024-07-24','remote',3,4,87000,95000,'BTech, MCA, BSC, MSC'),(132,'Cloud Engineer','Design and manage cloud architecture using AWS, Azure, and GCP. Ensure cloud security and containerization.','part time','Mumbai, Maharashtra','google','AWS,Azure,GCP,Cloud Architecture,Cloud Security,Containerization','available',5,'2024-12-31','onsite',3,6,70000,100000,'BE, BTech, MTech'),(133,'UI/UX Designer','Design and improve user interfaces and user experiences for web and mobile applications. Proficiency in Figma and Adobe XD required.','part time','Mumbai, Maharashtra','google','Figma,Adobe XD,UI Design,UX Research','available',5,'2024-03-13','onsite',0,3,60000,80000,'BE, BTech, BSC, BCA'),(134,'Software Developer','Develop and maintain software applications using Java, Python, and C++. Strong problem-solving and data structures skills required.','full time','Pune, Maharashtra','microsoft','Java,Python,C++,Problem-Solving,Data Structures','available',6,'2024-12-31','onsite',2,5,51000,81000,'BE, BTech, MCA'),(135,'Database Administrator','Manage and optimize databases using SQL, Oracle, and MySQL. Ensure data backup and recovery procedures are in place.','full time','Mumbai, Maharashtra','microsoft','SQL,MySQL,Backup and Recovery,Performance Tuning','available',6,'2024-06-10','onsite',2,4,42000,57000,'BE, BTech, MTech, BSC'),(136,'Software Developer','Develop and maintain software applications using Java, Python, and C++. Strong problem-solving and data structures skills required.','full time','Mumbai, Maharashtra','microsoft','Java,Python,C++,Problem-Solving,Data Structures','available',6,'2024-07-21','onsite',1,4,42000,72000,'BE, BTech, MCA'),(137,'Mobile Developer','Develop mobile applications for iOS and Android using Swift, Kotlin, and React Native. Experience with Flutter is a plus.','full time','Work From Home','microsoft','Java,Kotlin,MongoDB,React Native,Flutter','available',6,'2024-02-04','remote',2,3,46000,66000,'BE, BTech, MCA'),(138,'Data Scientist','Analyze data and build machine learning models using Python, R, and SQL. Strong data visualization and statistics skills required.','part time','Bangalore, Karnataka','microsoft','Python,R,SQL,Machine Learning,Data Visualization,Statistics','available',6,'2024-07-11','onsite',3,6,71000,101000,'MCA, MSE, BSE'),(139,'Cloud Engineer','Design and manage cloud architecture using AWS, Azure, and GCP. Ensure cloud security and containerization.','full time','Pune, Maharashtra','microsoft','AWS,Azure,GCP,Cloud Architecture,Cloud Security,Containerization','available',6,'2024-12-31','onsite',3,6,71000,101000,'BE, BTech, MTech'),(140,'Web Developer','Design and develop responsive websites using HTML, CSS, and JavaScript. Experience with React and Angular is a plus.','full time','Hyderabad, Andra Pradesh','microsoft','HTML,CSS,JavaScript,React,Angular','available',6,'2024-04-04','onsite',3,6,41000,71000,'Diploma, BTech, MCA'),(141,'Mobile Developer','Develop mobile applications for iOS and Android using Swift, Kotlin, and React Native. Experience with Flutter is a plus.','full time','Kolkata, West Bengal','microsoft','Java,Kotlin,MongoDB,React Native,Flutter','available',6,'2024-02-04','onsite',1,3,36000,41000,'BE, BTech, BSC, BCA'),(142,'Web Developer','Design and develop responsive websites using HTML, CSS, and JavaScript. Experience with React and Angular is a plus.','full time','Work From Home','microsoft','HTML,CSS,JavaScript,React,Angular','available',6,'2024-04-04','remote',3,6,44000,68000,'Diploma, BTech, MCA'),(143,'Database Administrator','Manage and optimize databases using SQL, Oracle, and MySQL. Ensure data backup and recovery procedures are in place.','full time','Mumbai, Maharashtra','microsoft','SQL,MySQL,Backup and Recovery,Performance Tuning','available',6,'2024-06-10','onsite',2,4,42000,57000,'BE, BTech, MTech, BSC'),(144,'Cloud Engineer','Design and manage cloud architecture using AWS, Azure, and GCP. Ensure cloud security and containerization.','full time','Bangalore, Karnataka','microsoft','AWS,Azure,GCP,Cloud Architecture,Cloud Security,Containerization','available',6,'2024-12-31','hybrid',3,6,71000,101000,'BE, BTech, MTech'),(145,'UI/UX Designer','Design and improve user interfaces and user experiences for web and mobile applications. Proficiency in Figma and Adobe XD required.','part time','Mumbai, Maharashtra','microsoft','Figma,Adobe XD,UI Design,UX Research','available',6,'2024-01-23','onsite',1,3,36000,46000,'BE, BTech, BSC, BCA'),(146,'Data Scientist','Analyze data and build machine learning models using Python, R, and SQL. Strong data visualization and statistics skills required.','full time','Pune, Maharashtra','microsoft','Python,R,SQL,Machine Learning,Data Visualization,Statistics','available',6,'2024-07-11','onsite',3,6,71000,101000,'MCA, MSE, BSE'),(147,'Cloud Engineer','Design and manage cloud architecture using AWS, Azure, and GCP. Ensure cloud security and containerization.','full time','Pune, Maharashtra','microsoft','AWS,Azure,GCP,Cloud Architecture,Cloud Security,Containerization','available',6,'2024-12-31','onsite',3,6,71000,101000,'BE, BTech, MTech'),(148,'UI/UX Designer','Design and improve user interfaces and user experiences for web and mobile applications. Proficiency in Figma and Adobe XD required.','full time','Hyderabad, Andra Pradesh','microsoft','Figma,Adobe XD,UI Design,UX Research','available',6,'2024-01-23','onsite',2,5,69000,88000,'BE, BTech, BSC, BCA'),(149,'Software Developer','Develop and maintain software applications using Java, Python, and C++. Strong problem-solving and data structures skills required.','full time','Bangalore, Karnataka','microsoft','Java,Python,C++,Problem-Solving,Data Structures','available',6,'2024-09-21','hybrid',1,3,55000,71000,'BE, BTech, MCA'),(150,'Mobile Developer','Develop mobile applications for iOS and Android using Swift, Kotlin, and React Native. Experience with Flutter is a plus.','full time','Work From Home','microsoft','Java,Kotlin,MongoDB,React Native,Flutter','available',6,'2024-02-03','remote',3,4,79000,99000,'BE, BTech, MCA, BSC, MSC, BCA, MCA'),(151,'Cloud Engineer','Design and manage cloud architecture using AWS, Azure, and GCP. Ensure cloud security and containerization.','full time','Bangalore, Kartaka','microsoft','AWS,Azure,GCP,Cloud Architecture,Cloud Security,Containerization','available',6,'2024-12-31','hybrid',3,6,71000,101000,'BE, BTech, MTech'),(152,'UI/UX Designer','Design and improve user interfaces and user experiences for web and mobile applications. Proficiency in Figma and Adobe XD required.','part time','Mumbai, Maharashtra','microsoft','Figma,Adobe XD,UI Design,UX Research','available',6,'2024-01-23','onsite',1,3,36000,46000,'BE, BTech, BSC, BCA'),(153,'Data Scientist','Analyze data and build machine learning models using Python, R, and SQL. Strong data visualization and statistics skills required.','part time','Pune, Maharashtra','microsoft','Python,R,SQL,Machine Learning,Data Visualization,Statistics','available',6,'2024-07-11','onsite',2,5,71000,101000,'MCA, MSE, BSE'),(154,'Database Administrator','Manage and optimize databases using SQL, Oracle, and MySQL. Ensure data backup and recovery procedures are in place.','full time','Kolkata, West Bengal','microsoft','SQL,Oracle,MySQL,Backup and Recovery,Performance Tuning','available',6,'2024-06-10','onsite',3,5,61000,91000,'BE, BTech, MTech'),(155,'Data Scientist','Analyze data and build machine learning models using Python, R, and SQL. Strong data visualization and statistics skills required.','full time','Bangalore, Karnataka','microsoft','Python,R,SQL,Machine Learning,Data Visualization,Statistics','available',6,'2024-04-12','hybrid',2,4,51000,66000,'MCA, MSE, BSE'),(156,'Web Developer','Design and develop responsive websites using HTML, CSS, and JavaScript. Experience with React and Angular is a plus.','full time','Hyderabad, Andra Pradesh','microsoft','HTML,CSS,JavaScript,React,Angular','available',6,'2024-06-18','onsite',3,6,41000,71000,'Diploma, BTech, MCA'),(157,'Web Developer','Design and develop responsive websites using HTML, CSS, and JavaScript. Experience with React and Angular is a plus.','full time','Work From Home','microsoft','HTML,CSS,JavaScript,React,Angular','available',6,'2024-04-16','remote',3,6,41000,71000,'Diploma, BTech, MCA'),(158,'Database Administrator','Manage and optimize databases using SQL, Oracle, and MySQL. Ensure data backup and recovery procedures are in place.','full time','Kolkata, West Bengal','microsoft','SQL,Oracle,MySQL,Backup and Recovery,Performance Tuning','available',6,'2024-06-10','onsite',3,5,61000,91000,'BE, BTech, MTech'),(159,'Mobile Developer','Develop mobile applications for iOS and Android using Swift, Kotlin, and React Native. Experience with Flutter is a plus.','part time','Kolkata, West Bengal','microsoft','Java,Kotlin,MongoDB,React Native,Flutter','available',6,'2024-02-04','onsite',3,5,36000,51000,'BE, BTech, MCA'),(160,'UI/UX Designer','Design and improve user interfaces and user experiences for web and mobile applications. Proficiency in Figma and Adobe XD required.','full time','Hyderabad, Andra Pradesh','microsoft','Figma,Adobe XD,UI Design,UX Research','available',6,'2024-01-23','onsite',2,5,69000,88000,'BE, BTech, BSC, BCA'),(161,'Web Developer','Design and develop responsive websites using HTML, CSS, and JavaScript. Experience with React and Angular is a plus.','full time','Hyderabad, Andra Pradesh','cisco','HTML,CSS,JavaScript,React,Angular','available',7,'2024-04-04','onsite',3,6,41000,71000,'Diploma, BTech, MCA'),(162,'Software Developer','Develop and maintain software applications using Java, Python, and C++. Strong problem-solving and data structures skills required.','full time','Pune, Maharashtra','cisco','Java,Python,C++,Problem-Solving,Data Structures','available',7,'2024-12-31','onsite',2,5,51000,81000,'BE, BTech, MCA'),(163,'Data Scientist','Analyze data and build machine learning models using Python, R, and SQL. Strong data visualization and statistics skills required.','full time','Bangalore, Karnataka','cisco','Python,R,SQL,Machine Learning,Data Visualization,Statistics','available',7,'2024-04-12','hybrid',2,4,51000,66000,'MCA, MSE, BSE'),(164,'Cloud Engineer','Design and manage cloud architecture using AWS, Azure, and GCP. Ensure cloud security and containerization.','full time','Pune, Maharashtra','cisco','AWS,Azure,GCP,Cloud Architecture,Cloud Security,Containerization','available',7,'2024-12-31','onsite',3,6,71000,101000,'BE, BTech, MTech'),(165,'Mobile Developer','Develop mobile applications for iOS and Android using Swift, Kotlin, and React Native. Experience with Flutter is a plus.','part time','Kolkata, West Bengal','cisco','Java,Kotlin,MongoDB,React Native,Flutter','available',7,'2024-02-04','onsite',3,5,36000,51000,'BE, BTech, MCA'),(166,'Database Administrator','Manage and optimize databases using SQL, Oracle, and MySQL. Ensure data backup and recovery procedures are in place.','full time','Kolkata, West Bengal','cisco','SQL,Oracle,MySQL,Backup and Recovery,Performance Tuning','available',7,'2024-06-10','onsite',3,5,61000,91000,'BE, BTech, MTech'),(167,'Data Scientist','Analyze data and build machine learning models using Python, R, and SQL. Strong data visualization and statistics skills required.','part time','Bangalore, Karnataka','cisco','Python,R,SQL,Machine Learning,Data Visualization,Statistics','available',7,'2024-07-11','onsite',3,6,71000,101000,'MCA, MSE, BSE'),(168,'Web Developer','Design and develop responsive websites using HTML, CSS, and JavaScript. Experience with React and Angular is a plus.','full time','Work From Home','cisco','HTML,CSS,JavaScript,React,Angular','available',7,'2024-04-04','remote',3,6,44000,68000,'Diploma, BTech, MCA'),(169,'UI/UX Designer','Design and improve user interfaces and user experiences for web and mobile applications. Proficiency in Figma and Adobe XD required.','part time','Mumbai, Maharashtra','cisco','Figma,Adobe XD,UI Design,UX Research','available',7,'2024-01-23','onsite',1,3,36000,46000,'BE, BTech, BSC, BCA'),(170,'Database Administrator','Manage and optimize databases using SQL, Oracle, and MySQL. Ensure data backup and recovery procedures are in place.','full time','Mumbai, Maharashtra','cisco','SQL,MySQL,Backup and Recovery,Performance Tuning','available',7,'2024-06-10','onsite',2,4,42000,57000,'BE, BTech, MTech, BSC'),(171,'Mobile Developer','Develop mobile applications for iOS and Android using Swift, Kotlin, and React Native. Experience with Flutter is a plus.','full time','Work From Home','cisco','Java,Kotlin,MongoDB,React Native,Flutter','available',7,'2024-02-04','remote',2,3,46000,66000,'BE, BTech, MCA'),(172,'Cloud Engineer','Design and manage cloud architecture using AWS, Azure, and GCP. Ensure cloud security and containerization.','full time','Bangalore, Karnataka','cisco','AWS,Azure,GCP,Cloud Architecture,Cloud Security,Containerization','available',7,'2024-12-31','hybrid',3,6,71000,101000,'BE, BTech, MTech'),(173,'Software Developer','Develop and maintain software applications using Java, Python, and C++. Strong problem-solving and data structures skills required.','full time','Mumbai, Maharashtra','cisco','Java,Python,C++,Problem-Solving,Data Structures','available',7,'2024-07-21','onsite',1,4,42000,72000,'BE, BTech, MCA'),(174,'Data Scientist','Analyze data and build machine learning models using Python, R, and SQL. Strong data visualization and statistics skills required.','part time','Pune, Maharashtra','cisco','Python,R,SQL,Machine Learning,Data Visualization,Statistics','available',7,'2024-07-11','onsite',2,5,71000,101000,'MCA, MSE, BSE'),(175,'Software Developer','Develop and maintain software applications using Java, Python, and C++. Strong problem-solving and data structures skills required.','full time','Bangalore, Karnataka','cisco','Java,Python,C++,Problem-Solving,Data Structures','available',7,'2024-09-21','hybrid',1,3,55000,71000,'BE, BTech, MCA'),(176,'Mobile Developer','Develop mobile applications for iOS and Android using Swift, Kotlin, and React Native. Experience with Flutter is a plus.','full time','Work From Home','cisco','Java,Kotlin,MongoDB,React Native,Flutter','available',7,'2024-02-03','remote',3,4,79000,99000,'BE, BTech, MCA, BSC, MSC, BCA, MCA'),(177,'UI/UX Designer','Design and improve user interfaces and user experiences for web and mobile applications. Proficiency in Figma and Adobe XD required.','full time','Hyderabad, Andra Pradesh','cisco','Figma,Adobe XD,UI Design,UX Research','available',7,'2024-01-23','onsite',2,5,69000,88000,'BE, BTech, BSC, BCA'),(178,'Mobile Developer','Develop mobile applications for iOS and Android using Swift, Kotlin, and React Native. Experience with Flutter is a plus.','full time','Kolkata, West Bengal','cisco','Java,Kotlin,MongoDB,React Native,Flutter','available',7,'2024-02-04','onsite',1,3,36000,41000,'BE, BTech, BSC, BCA'),(179,'Data Scientist','Analyze data and build machine learning models using Python, R, and SQL. Strong data visualization and statistics skills required.','full time','Pune, Maharashtra','cisco','Python,R,SQL,Machine Learning,Data Visualization,Statistics','available',7,'2024-07-11','onsite',3,6,71000,101000,'MCA, MSE, BSE'),(180,'Web Developer','Design and develop responsive websites using HTML, CSS, and JavaScript. Experience with React and Angular is a plus.','full time','Work From Home','cisco','HTML,CSS,JavaScript,React,Angular','available',7,'2024-09-04','remote',3,6,51000,71000,'Diploma, BTech, MCA'),(181,'Web Developer','Design and develop responsive websites using HTML, CSS, and JavaScript. Experience with React and Angular is a plus.','full time','Hyderabad, Andra Pradesh','cisco','HTML,CSS,JavaScript,React,Angular','available',7,'2024-06-18','onsite',3,6,41000,71000,'Diploma, BTech, MCA'),(182,'Software Developer','Develop and maintain software applications using Java, Python, and C++. Strong problem-solving and data structures skills required.','full time','Pune, Maharashtra','paypal','Java,Python,C++,Problem-Solving,Data Structures','available',8,'2024-12-31','onsite',2,5,51000,81000,'BE, BTech, MCA'),(183,'Software Developer','Develop and maintain software applications using Java, Python, and C++. Strong problem-solving and data structures skills required.','full time','Mumbai, Maharashtra','paypal','Java,Python,C++,Problem-Solving,Data Structures','available',8,'2024-07-21','onsite',1,4,42000,72000,'BE, BTech, MCA'),(184,'Mobile Developer','Develop mobile applications for iOS and Android using Swift, Kotlin, and React Native. Experience with Flutter is a plus.','full time','Work From Home','paypal','Java,Kotlin,MongoDB,React Native,Flutter','available',8,'2024-02-04','remote',2,3,46000,66000,'BE, BTech, MCA'),(185,'Mobile Developer','Develop mobile applications for iOS and Android using Swift, Kotlin, and React Native. Experience with Flutter is a plus.','part time','Kolkata, West Bengal','paypal','Java,Kotlin,MongoDB,React Native,Flutter','available',8,'2024-02-04','onsite',3,5,36000,51000,'BE, BTech, MCA'),(186,'Data Scientist','Analyze data and build machine learning models using Python, R, and SQL. Strong data visualization and statistics skills required.','part time','Bangalore, Karnataka','paypal','Python,R,SQL,Machine Learning,Data Visualization,Statistics','available',8,'2024-07-11','onsite',3,6,71000,101000,'MCA, MSE, BSE'),(187,'Data Scientist','Analyze data and build machine learning models using Python, R, and SQL. Strong data visualization and statistics skills required.','full time','Pune, Maharashtra','paypal','Python,R,SQL,Machine Learning,Data Visualization,Statistics','available',8,'2024-07-11','onsite',3,6,71000,101000,'MCA, MSE, BSE'),(188,'Web Developer','Design and develop responsive websites using HTML, CSS, and JavaScript. Experience with React and Angular is a plus.','full time','Hyderabad, Andra Pradesh','paypal','HTML,CSS,JavaScript,React,Angular','available',8,'2024-04-04','onsite',3,6,41000,71000,'Diploma, BTech, MCA'),(189,'Web Developer','Design and develop responsive websites using HTML, CSS, and JavaScript. Experience with React and Angular is a plus.','full time','Work From Home','paypal','HTML,CSS,JavaScript,React,Angular','available',8,'2024-04-04','remote',3,6,44000,68000,'Diploma, BTech, MCA'),(190,'Database Administrator','Manage and optimize databases using SQL, Oracle, and MySQL. Ensure data backup and recovery procedures are in place.','full time','Kolkata, West Bengal','paypal','SQL,Oracle,MySQL,Backup and Recovery,Performance Tuning','available',8,'2024-06-10','onsite',3,5,61000,91000,'BE, BTech, MTech'),(191,'Database Administrator','Manage and optimize databases using SQL, Oracle, and MySQL. Ensure data backup and recovery procedures are in place.','full time','Mumbai, Maharashtra','paypal','SQL,MySQL,Backup and Recovery,Performance Tuning','available',8,'2024-06-10','onsite',2,4,42000,57000,'BE, BTech, MTech, BSC'),(192,'Cloud Engineer','Design and manage cloud architecture using AWS, Azure, and GCP. Ensure cloud security and containerization.','full time','Bangalore, Karnataka','paypal','AWS,Azure,GCP,Cloud Architecture,Cloud Security,Containerization','available',8,'2024-12-31','hybrid',3,6,71000,101000,'BE, BTech, MTech'),(193,'Cloud Engineer','Design and manage cloud architecture using AWS, Azure, and GCP. Ensure cloud security and containerization.','full time','Pune, Maharashtra','paypal','AWS,Azure,GCP,Cloud Architecture,Cloud Security,Containerization','available',8,'2024-12-31','onsite',3,6,71000,101000,'BE, BTech, MTech'),(194,'UI/UX Designer','Design and improve user interfaces and user experiences for web and mobile applications. Proficiency in Figma and Adobe XD required.','part time','Mumbai, Maharashtra','paypal','Figma,Adobe XD,UI Design,UX Research','available',8,'2024-01-23','onsite',1,3,36000,46000,'BE, BTech, BSC, BCA'),(195,'UI/UX Designer','Design and improve user interfaces and user experiences for web and mobile applications. Proficiency in Figma and Adobe XD required.','full time','Hyderabad, Andra Pradesh','paypal','Figma,Adobe XD,UI Design,UX Research','available',8,'2024-01-23','onsite',2,5,69000,88000,'BE, BTech, BSC, BCA'),(196,'Software Developer','Develop and maintain software applications using Java, Python, and C++. Strong problem-solving and data structures skills required.','full time','Bangalore, Karnataka','paypal','Java,Python,C++,Problem-Solving,Data Structures','available',8,'2024-09-21','hybrid',1,3,55000,71000,'BE, BTech, MCA'),(197,'Mobile Developer','Develop mobile applications for iOS and Android using Swift, Kotlin, and React Native. Experience with Flutter is a plus.','full time','Work From Home','paypal','Java,Kotlin,MongoDB,React Native,Flutter','available',8,'2024-02-03','remote',3,4,79000,99000,'BE, BTech, MCA, BSC, MSC, BCA, MCA'),(198,'Mobile Developer','Develop mobile applications for iOS and Android using Swift, Kotlin, and React Native. Experience with Flutter is a plus.','full time','Kolkata, West Bengal','paypal','Java,Kotlin,MongoDB,React Native,Flutter','available',8,'2024-02-04','onsite',1,3,36000,41000,'BE, BTech, BSC, BCA'),(199,'Data Scientist','Analyze data and build machine learning models using Python, R, and SQL. Strong data visualization and statistics skills required.','part time','Pune, Maharashtra','paypal','Python,R,SQL,Machine Learning,Data Visualization,Statistics','available',8,'2024-07-11','onsite',2,5,71000,101000,'MCA, MSE, BSE'),(200,'Data Scientist','Analyze data and build machine learning models using Python, R, and SQL. Strong data visualization and statistics skills required.','full time','Bangalore, Karnataka','paypal','Python,R,SQL,Machine Learning,Data Visualization,Statistics','available',8,'2024-04-12','hybrid',2,4,51000,66000,'MCA, MSE, BSE'),(201,'Web Developer','Design and develop responsive websites using HTML, CSS, and JavaScript. Experience with React and Angular is a plus.','full time','Hyderabad, Andra Pradesh','paypal','HTML,CSS,JavaScript,React,Angular','available',8,'2024-06-18','onsite',3,6,41000,71000,'Diploma, BTech, MCA'),(202,'Web Developer','Design and develop responsive websites using HTML, CSS, and JavaScript. Experience with React and Angular is a plus.','full time','Work From Home','paypal','HTML,CSS,JavaScript,React,Angular','available',8,'2024-04-16','remote',3,6,41000,71000,'Diploma, BTech, MCA'),(203,'Database Administrator','Manage and optimize databases using SQL, Oracle, and MySQL. Ensure data backup and recovery procedures are in place.','full time','Kolkata, West Bengal','paypal','SQL,Oracle,MySQL,Backup and Recovery,Performance Tuning','available',8,'2024-06-10','onsite',3,5,61000,91000,'BE, BTech, MTech'),(204,'Database Administrator','Manage and optimize databases using SQL, Oracle, and MySQL. Ensure data backup and recovery procedures are in place.','full time','Mumbai, Maharashtra','paypal','SQL,MySQL,Backup and Recovery,Performance Tuning','available',8,'2024-06-10','onsite',2,4,42000,57000,'BE, BTech, MTech, BSC'),(205,'Cloud Engineer','Design and manage cloud architecture using AWS, Azure, and GCP. Ensure cloud security and containerization.','full time','Bangalore, Kartaka','paypal','AWS,Azure,GCP,Cloud Architecture,Cloud Security,Containerization','available',8,'2024-12-31','hybrid',3,6,71000,101000,'BE, BTech, MTech'),(206,'Cloud Engineer','Design and manage cloud architecture using AWS, Azure, and GCP. Ensure cloud security and containerization.','full time','Pune, Maharashtra','paypal','AWS,Azure,GCP,Cloud Architecture,Cloud Security,Containerization','available',8,'2024-12-31','onsite',3,6,71000,101000,'BE, BTech, MTech'),(207,'UI/UX Designer','Design and improve user interfaces and user experiences for web and mobile applications. Proficiency in Figma and Adobe XD required.','part time','Mumbai, Maharashtra','paypal','Figma,Adobe XD,UI Design,UX Research','available',8,'2024-01-23','onsite',1,3,36000,46000,'BE, BTech, BSC, BCA'),(208,'UI/UX Designer','Design and improve user interfaces and user experiences for web and mobile applications. Proficiency in Figma and Adobe XD required.','full time','Hyderabad, Andra Pradesh','paypal','Figma,Adobe XD,UI Design,UX Research','available',8,'2024-01-23','onsite',2,5,69000,88000,'BE, BTech, BSC, BCA'),(209,'Software Developer','Develop and maintain software applications using Java, Python, and C++. Strong problem-solving and data structures skills required.','full time','Pune, Maharashtra','persistant','Java,Python,C++,Problem-Solving,Data Structures','available',9,'2024-12-31','onsite',2,5,51000,81000,'BE, BTech, MCA'),(210,'Software Developer','Develop and maintain software applications using Java, Python, and C++. Strong problem-solving and data structures skills required.','full time','Mumbai, Maharashtra','persistant','Java,Python,C++,Problem-Solving,Data Structures','available',9,'2024-07-21','onsite',1,4,42000,72000,'BE, BTech, MCA'),(211,'Mobile Developer','Develop mobile applications for iOS and Android using Swift, Kotlin, and React Native. Experience with Flutter is a plus.','full time','Work From Home','persistant','Java,Kotlin,MongoDB,React Native,Flutter','available',9,'2024-02-04','remote',2,3,46000,66000,'BE, BTech, MCA'),(212,'Mobile Developer','Develop mobile applications for iOS and Android using Swift, Kotlin, and React Native. Experience with Flutter is a plus.','part time','Kolkata, West Bengal','persistant','Java,Kotlin,MongoDB,React Native,Flutter','available',9,'2024-02-04','onsite',3,5,36000,51000,'BE, BTech, MCA'),(213,'Data Scientist','Analyze data and build machine learning models using Python, R, and SQL. Strong data visualization and statistics skills required.','part time','Bangalore, Karnataka','persistant','Python,R,SQL,Machine Learning,Data Visualization,Statistics','available',9,'2024-07-11','onsite',3,6,71000,101000,'MCA, MSE, BSE'),(214,'Data Scientist','Analyze data and build machine learning models using Python, R, and SQL. Strong data visualization and statistics skills required.','full time','Pune, Maharashtra','persistant','Python,R,SQL,Machine Learning,Data Visualization,Statistics','available',9,'2024-07-11','onsite',3,6,71000,101000,'MCA, MSE, BSE'),(215,'Web Developer','Design and develop responsive websites using HTML, CSS, and JavaScript. Experience with React and Angular is a plus.','full time','Hyderabad, Andra Pradesh','persistant','HTML,CSS,JavaScript,React,Angular','available',9,'2024-04-04','onsite',3,6,41000,71000,'Diploma, BTech, MCA'),(216,'Web Developer','Design and develop responsive websites using HTML, CSS, and JavaScript. Experience with React and Angular is a plus.','full time','Work From Home','persistant','HTML,CSS,JavaScript,React,Angular','available',9,'2024-04-04','remote',3,6,44000,68000,'Diploma, BTech, MCA'),(217,'Database Administrator','Manage and optimize databases using SQL, Oracle, and MySQL. Ensure data backup and recovery procedures are in place.','full time','Kolkata, West Bengal','persistant','SQL,Oracle,MySQL,Backup and Recovery,Performance Tuning','available',9,'2024-06-10','onsite',3,5,61000,91000,'BE, BTech, MTech'),(218,'Database Administrator','Manage and optimize databases using SQL, Oracle, and MySQL. Ensure data backup and recovery procedures are in place.','full time','Mumbai, Maharashtra','persistant','SQL,MySQL,Backup and Recovery,Performance Tuning','available',9,'2024-06-10','onsite',2,4,42000,57000,'BE, BTech, MTech, BSC'),(219,'Cloud Engineer','Design and manage cloud architecture using AWS, Azure, and GCP. Ensure cloud security and containerization.','full time','Bangalore, Karnataka','persistant','AWS,Azure,GCP,Cloud Architecture,Cloud Security,Containerization','available',9,'2024-12-31','hybrid',3,6,71000,101000,'BE, BTech, MTech'),(220,'Cloud Engineer','Design and manage cloud architecture using AWS, Azure, and GCP. Ensure cloud security and containerization.','full time','Pune, Maharashtra','persistant','AWS,Azure,GCP,Cloud Architecture,Cloud Security,Containerization','available',9,'2024-12-31','onsite',3,6,71000,101000,'BE, BTech, MTech'),(221,'UI/UX Designer','Design and improve user interfaces and user experiences for web and mobile applications. Proficiency in Figma and Adobe XD required.','part time','Mumbai, Maharashtra','persistant','Figma,Adobe XD,UI Design,UX Research','available',9,'2024-01-23','onsite',1,3,36000,46000,'BE, BTech, BSC, BCA'),(222,'UI/UX Designer','Design and improve user interfaces and user experiences for web and mobile applications. Proficiency in Figma and Adobe XD required.','full time','Hyderabad, Andra Pradesh','persistant','Figma,Adobe XD,UI Design,UX Research','available',9,'2024-01-23','onsite',2,5,69000,88000,'BE, BTech, BSC, BCA'),(223,'Software Developer','Develop and maintain software applications using Java, Python, and C++. Strong problem-solving and data structures skills required.','full time','Bangalore, Karnataka','persistant','Java,Python,C++,Problem-Solving,Data Structures','available',9,'2024-09-21','hybrid',1,3,55000,71000,'BE, BTech, MCA'),(224,'Mobile Developer','Develop mobile applications for iOS and Android using Swift, Kotlin, and React Native. Experience with Flutter is a plus.','full time','Work From Home','persistant','Java,Kotlin,MongoDB,React Native,Flutter','available',9,'2024-02-03','remote',3,4,79000,99000,'BE, BTech, MCA, BSC, MSC, BCA, MCA'),(225,'Mobile Developer','Develop mobile applications for iOS and Android using Swift, Kotlin, and React Native. Experience with Flutter is a plus.','full time','Kolkata, West Bengal','persistant','Java,Kotlin,MongoDB,React Native,Flutter','available',9,'2024-02-04','onsite',1,3,36000,41000,'BE, BTech, BSC, BCA'),(226,'Data Scientist','Analyze data and build machine learning models using Python, R, and SQL. Strong data visualization and statistics skills required.','part time','Pune, Maharashtra','persistant','Python,R,SQL,Machine Learning,Data Visualization,Statistics','available',9,'2024-07-11','onsite',2,5,71000,101000,'MCA, MSE, BSE'),(227,'Data Scientist','Analyze data and build machine learning models using Python, R, and SQL. Strong data visualization and statistics skills required.','full time','Bangalore, Karnataka','persistant','Python,R,SQL,Machine Learning,Data Visualization,Statistics','available',9,'2024-04-12','hybrid',2,4,51000,66000,'MCA, MSE, BSE'),(228,'Web Developer','Design and develop responsive websites using HTML, CSS, and JavaScript. Experience with React and Angular is a plus.','full time','Hyderabad, Andra Pradesh','persistant','HTML,CSS,JavaScript,React,Angular','available',9,'2024-06-18','onsite',3,6,41000,71000,'Diploma, BTech, MCA'),(229,'Web Developer','Design and develop responsive websites using HTML, CSS, and JavaScript. Experience with React and Angular is a plus.','full time','Work From Home','persistant','HTML,CSS,JavaScript,React,Angular','available',9,'2024-09-04','remote',3,6,51000,71000,'Diploma, BTech, MCA'),(230,'Java Developer','java ka master banna prega toh hi hire krenge','fulltime','banglore','Accenture','java,oops,spring_boot,jsp,sql','available',1,'2024-08-08','work from Home',5,6,30000,45000,'BTech, MCA');
/*!40000 ALTER TABLE `job_details` ENABLE KEYS */;
UNLOCK TABLES;

--
-- Table structure for table `patients`
--

--
-- Dumping data for table `patients`
--

--
-- Table structure for table `portal_admin`
--

DROP TABLE IF EXISTS `portal_admin`;
/*!40101 SET @saved_cs_client     = @@character_set_client */;
/*!50503 SET character_set_client = utf8mb4 */;
CREATE TABLE `portal_admin` (
  `admin_id` int NOT NULL AUTO_INCREMENT,
  `admin_fname` varchar(150) NOT NULL,
  `admin_lname` varchar(150) NOT NULL,
  `emailID` varchar(150) NOT NULL,
  `password` varchar(100) NOT NULL,
  PRIMARY KEY (`admin_id`)
) ENGINE=InnoDB AUTO_INCREMENT=2 DEFAULT CHARSET=utf8mb4 COLLATE=utf8mb4_0900_ai_ci;
/*!40101 SET character_set_client = @saved_cs_client */;

--
-- Dumping data for table `portal_admin`
--

LOCK TABLES `portal_admin` WRITE;
/*!40000 ALTER TABLE `portal_admin` DISABLE KEYS */;
INSERT INTO `portal_admin` VALUES (1,'Srivaths','Iyer','srivaths.iyer9549@gmail.com','b039ac781f58d3a2acf57db25e9e4503');
/*!40000 ALTER TABLE `portal_admin` ENABLE KEYS */;
UNLOCK TABLES;

--
-- Table structure for table `products`
--

DROP TABLE IF EXISTS `products`;
/*!40101 SET @saved_cs_client     = @@character_set_client */;
/*!50503 SET character_set_client = utf8mb4 */;
CREATE TABLE `products` (
  `id` int NOT NULL AUTO_INCREMENT,
  `name` varchar(255) DEFAULT NULL,
  `category` varchar(100) DEFAULT NULL,
  `price` decimal(10,2) DEFAULT NULL,
  `applicant_id` int NOT NULL,
  `description` text,
  `image_url` varchar(255) DEFAULT NULL,
  `is_sold` tinyint(1) DEFAULT '0',
  PRIMARY KEY (`id`),
  KEY `applicant_id` (`applicant_id`),
  CONSTRAINT `products_applicant_fk` FOREIGN KEY (`applicant_id`) REFERENCES `applicant_credentials` (`applicant_id`)
) ENGINE=InnoDB AUTO_INCREMENT=2 DEFAULT CHARSET=utf8mb4 COLLATE=utf8mb4_0900_ai_ci;
/*!40101 SET character_set_client = @saved_cs_client */;

--
-- Dumping data for table `products`
--

LOCK TABLES `products` WRITE;
/*!40000 ALTER TABLE `products` DISABLE KEYS */;
/*!40000 ALTER TABLE `products` ENABLE KEYS */;
UNLOCK TABLES;

--
-- Table structure for table `seller_details`
--

DROP TABLE IF EXISTS `seller_details`;
/*!40101 SET @saved_cs_client     = @@character_set_client */;
/*!50503 SET character_set_client = utf8mb4 */;
CREATE TABLE `seller_details` (
  `seller_id` int NOT NULL AUTO_INCREMENT,
  `applicant_id` int NOT NULL,
  `firstname` varchar(100) DEFAULT NULL,
  `lastname` varchar(100) DEFAULT NULL,
  `company_name` varchar(255) DEFAULT NULL,
  `mobile_no` varchar(15) DEFAULT NULL,
  `email` varchar(255) DEFAULT NULL,
  PRIMARY KEY (`seller_id`),
  KEY `applicant_id` (`applicant_id`),
  CONSTRAINT `seller_details_ibfk_1` FOREIGN KEY (`applicant_id`) REFERENCES `applicant_credentials` (`applicant_id`) ON DELETE CASCADE ON UPDATE CASCADE
) ENGINE=InnoDB DEFAULT CHARSET=utf8mb4 COLLATE=utf8mb4_0900_ai_ci;
/*!40101 SET character_set_client = @saved_cs_client */;

--
-- Dumping data for table `seller_details`
--

LOCK TABLES `seller_details` WRITE;
/*!40000 ALTER TABLE `seller_details` DISABLE KEYS */;
/*!40000 ALTER TABLE `seller_details` ENABLE KEYS */;
UNLOCK TABLES;

--
-- Table structure for table `users`
--

DROP TABLE IF EXISTS `users`;
/*!40101 SET @saved_cs_client     = @@character_set_client */;
/*!50503 SET character_set_client = utf8mb4 */;
CREATE TABLE `users` (
  `id` int NOT NULL AUTO_INCREMENT,
  `name` varchar(255) DEFAULT NULL,
  `email` varchar(255) DEFAULT NULL,
  `createdAt` datetime NOT NULL,
  `updatedAt` datetime NOT NULL,
  PRIMARY KEY (`id`)
) ENGINE=InnoDB AUTO_INCREMENT=2 DEFAULT CHARSET=utf8mb4 COLLATE=utf8mb4_0900_ai_ci;
/*!40101 SET character_set_client = @saved_cs_client */;

--
-- Dumping data for table `users`
--

LOCK TABLES `users` WRITE;
/*!40000 ALTER TABLE `users` DISABLE KEYS */;
INSERT INTO `users` VALUES (1,'John Doe','john@example.com','2024-10-20 09:18:52','2024-10-20 09:18:52');
/*!40000 ALTER TABLE `users` ENABLE KEYS */;
UNLOCK TABLES;
/*!40103 SET TIME_ZONE=@OLD_TIME_ZONE */;

/*!40101 SET SQL_MODE=@OLD_SQL_MODE */;
/*!40014 SET FOREIGN_KEY_CHECKS=@OLD_FOREIGN_KEY_CHECKS */;
/*!40014 SET UNIQUE_CHECKS=@OLD_UNIQUE_CHECKS */;
/*!40101 SET CHARACTER_SET_CLIENT=@OLD_CHARACTER_SET_CLIENT */;
/*!40101 SET CHARACTER_SET_RESULTS=@OLD_CHARACTER_SET_RESULTS */;
/*!40101 SET COLLATION_CONNECTION=@OLD_COLLATION_CONNECTION */;
/*!40111 SET SQL_NOTES=@OLD_SQL_NOTES */;

-- Dump completed on 2025-04-24 22:39:38
